Date,AAPL,AMZN,MSFT,VOO
2021-10-01,139.80911254882812,164.16299438476562,280.1998291015625,377.4429016113281
2021-10-04,136.36904907226562,159.48899841308594,274.3942565917969,372.7995910644531
2021-10-05,138.2998504638672,161.0500030517578,279.8702697753906,376.42156982421875
2021-10-06,139.172119140625,163.10049438476562,284.0863342285156,378.09539794921875
2021-10-07,140.4364013671875,165.1215057373047,285.7728576660156,381.34857177734375
2021-10-08,140.05419921875,164.43099975585938,285.7728576660156,380.6298828125
2021-10-11,139.96592712402344,162.31500244140625,285.171875,377.8589782714844
2021-10-12,138.69186401367188,162.3665008544922,283.863525390625,377.10247802734375
2021-10-13,138.10379028320312,164.21400451660156,287.1878967285156,378.3128662109375
2021-10-14,140.8970489501953,164.9929962158203,293.42962646484375,384.66790771484375
2021-10-15,141.95555114746094,170.4510040283203,294.8447265625,387.6656799316406
2021-10-18,143.6314697265625,172.33700561523438,297.8299255371094,388.8479309082031
2021-10-19,145.79747009277344,172.20750427246094,298.74090576171875,391.87408447265625
2021-10-20,146.28750610351562,170.7530059814453,297.9462585449219,393.39666748046875
2021-10-21,146.5031280517578,171.75050354003906,301.19305419921875,394.3612976074219
2021-10-22,145.72886657714844,166.77749633789062,299.642333984375,393.9640808105469
2021-10-25,145.67987060546875,166.01849365234375,298.64398193359375,396.0067443847656
2021-10-26,146.34632873535156,168.80349731445312,300.5630187988281,396.3849792480469
2021-10-27,145.8856658935547,169.62449645996094,313.2209777832031,394.663818359375
2021-10-28,149.53158569335938,172.32850646972656,314.3646545410156,398.5222473144531
2021-10-29,146.81675720214844,168.6215057373047,321.4108581542969,399.23150634765625
2021-11-01,145.99349975585938,165.90550231933594,319.2301330566406,400.0732116699219
2021-11-02,147.03237915039062,165.6374969482422,322.8743591308594,401.6241455078125
2021-11-03,148.47312927246094,169.1999969482422,323.71759033203125,404.0450439453125
2021-11-04,147.95367431640625,173.85000610351562,326.0824279785156,405.9365234375
2021-11-05,148.48365783691406,175.94949340820312,325.7141418457031,407.317138671875
2021-11-08,147.65919494628906,174.44900512695312,326.6156005859375,407.80889892578125
2021-11-09,148.02235412597656,178.81149291992188,325.6075134277344,406.3808898925781
2021-11-10,145.1857452392578,174.1024932861328,320.6160888671875,403.1088562011719
2021-11-11,145.13670349121094,173.625,322.1958923339844,403.24127197265625
2021-11-12,147.217529296875,176.25750732421875,326.35382080078125,406.2391052246094
2021-11-15,147.22732543945312,177.28399658203125,325.72381591796875,406.4281921386719
2021-11-16,148.20883178710938,177.03500366210938,329.0579528808594,407.97918701171875
2021-11-17,150.65281677246094,177.4499969482422,329.2812805175781,406.99560546875
2021-11-18,154.95184326171875,184.80299377441406,331.3688049316406,408.4046936035156
2021-11-19,157.5823211669922,183.82850646972656,333.155517578125,407.6386413574219
2021-11-22,158.04367065429688,178.6284942626953,329.9706726074219,406.56060791015625
2021-11-23,158.42642211914062,179.0019989013672,327.883056640625,407.09014892578125
2021-11-24,158.94662475585938,179.02049255371094,328.1064453125,408.0926208496094
2021-11-26,153.9114532470703,175.22799682617188,320.1151428222656,399.2126159667969
2021-11-29,157.27809143066406,178.07850646972656,326.86346435546875,404.03564453125
2021-11-30,162.2445068359375,175.35350036621094,320.9987487792969,396.2999267578125
2021-12-01,161.7242889404297,172.18600463867188,320.5035095214844,391.7416687011719
2021-12-02,160.73301696777344,171.8679962158203,319.9306335449219,397.7184143066406
2021-12-03,158.8485107421875,169.489501953125,313.638671875,394.200439453125
2021-12-06,162.26417541503906,171.36849975585938,316.72637939453125,398.9100036621094
2021-12-07,168.01583862304688,176.1645050048828,325.203125,407.10906982421875
2021-12-08,171.84376525878906,176.1580047607422,325.251708984375,408.25341796875
2021-12-09,171.3333282470703,174.17100524902344,323.43597412109375,405.4730529785156
2021-12-10,176.13299560546875,172.21200561523438,332.60205078125,409.3409423828125
2021-12-13,172.49154663085938,169.5675048828125,329.55316162109375,405.70947265625
2021-12-14,171.1076202392578,169.0915069580078,318.81402587890625,402.9480285644531
2021-12-15,175.98574829101562,173.31500244140625,324.9409484863281,409.2463684082031
2021-12-16,169.0758819580078,168.87100219726562,315.47381591796875,405.5487976074219
2021-12-17,167.97657775878906,170.0175018310547,314.40576171875,401.34039306640625
2021-12-20,166.61227416992188,167.07899475097656,310.62860107421875,396.9996337890625
2021-12-21,169.79238891601562,170.41700744628906,317.7945556640625,404.04522705078125
2021-12-22,172.39337158203125,171.03700256347656,323.5330810546875,408.1265869140625
2021-12-23,173.02157592773438,171.06849670410156,324.97979736328125,410.6418762207031
2021-12-27,176.99673461914062,169.66949462890625,332.51470947265625,416.4981994628906
2021-12-28,175.97592163085938,170.66099548339844,331.3495178222656,416.1849670410156
2021-12-29,176.0643310546875,169.2010040283203,332.0291748046875,416.68798828125
2021-12-30,174.90606689453125,168.64450073242188,329.4754333496094,415.51104736328125
2021-12-31,174.28773498535156,166.7169952392578,326.5625,414.3720703125
2022-01-03,178.64566040039062,170.4044952392578,325.03802490234375,416.91583251953125
2022-01-04,176.3783416748047,167.52200317382812,319.4646301269531,416.7449951171875
2022-01-05,171.68673706054688,164.35699462890625,307.20098876953125,408.7625732421875
2022-01-06,168.8206787109375,163.25399780273438,304.77349853515625,408.2120666503906
2022-01-07,168.98756408691406,162.5540008544922,304.9288635253906,406.7978210449219
2022-01-10,169.00718688964844,161.48599243164062,305.15216064453125,406.26629638671875
2022-01-11,171.84376525878906,165.36199951171875,305.8416748046875,409.8255920410156
2022-01-12,172.28543090820312,165.20700073242188,309.0361633300781,411.050048828125
2022-01-13,169.00718688964844,161.21400451660156,295.9569396972656,405.383544921875
2022-01-14,169.87091064453125,162.13800048828125,301.2003173828125,405.5069885253906
2022-01-18,166.661376953125,158.91749572753906,293.869384765625,398.3977966308594
2022-01-19,163.15733337402344,156.2989959716797,294.52960205078125,394.2120361328125
2022-01-20,161.4691162109375,151.66749572753906,292.84979248046875,389.87445068359375
2022-01-21,159.407958984375,142.64300537109375,287.44140625,382.21478271484375
2022-01-24,158.632568359375,144.54400634765625,287.77154541015625,383.809326171875
2022-01-25,156.82656860351562,139.98599243164062,280.1201171875,379.1489562988281
2022-01-26,156.73825073242188,138.87249755859375,288.1017150878906,378.29473876953125
2022-01-27,156.27688598632812,139.6374969482422,291.140869140625,376.3774719238281
2022-01-28,167.18153381347656,143.97799682617188,299.3165588378906,385.6032409667969
2022-01-31,171.5492706298828,149.57350158691406,301.9576721191406,392.6554260253906
2022-02-01,171.3824462890625,151.19349670410156,299.8021545410156,395.2181701660156
2022-02-02,172.58969116210938,150.6125030517578,304.3657531738281,398.9862976074219
2022-02-03,169.70399475097656,138.8455047607422,292.5099182128906,389.7130432128906
2022-02-04,169.4190216064453,157.63949584960938,297.0638732910156,391.5448913574219
2022-02-07,168.70159912109375,157.9355010986328,292.21868896484375,390.2540588378906
2022-02-08,171.81700134277344,161.4134979248047,295.72393798828125,393.4147644042969
2022-02-09,173.2420196533203,161.1894989013672,302.18109130859375,399.18560791015625
2022-02-10,169.15370178222656,159.0034942626953,293.607177734375,392.1713562011719
2022-02-11,165.73367309570312,153.2935028076172,286.48016357421875,384.350341796875
2022-02-14,165.9695281982422,155.16700744628906,286.4413146972656,383.09747314453125
2022-02-15,169.81214904785156,156.510498046875,291.7525634765625,389.2479553222656
2022-02-16,169.57627868652344,158.10049438476562,291.4120788574219,389.7130432128906
2022-02-17,165.9695281982422,154.65249633789062,282.8788757324219,381.42694091796875
2022-02-18,164.41676330566406,152.60150146484375,280.154541015625,378.9876403808594
2022-02-22,161.48812866210938,150.19749450683594,279.9501647949219,374.83984375
2022-02-23,157.3113555908203,144.82699584960938,272.7013854980469,368.0913391113281
2022-02-24,159.93533325195312,151.35800170898438,286.6346740722656,373.7483215332031
2022-02-25,162.00901794433594,153.7884979248047,289.2812194824219,381.9109802246094
2022-02-28,162.27432250976562,153.56300354003906,290.72125244140625,380.9523620605469
2022-03-01,160.3874053955078,151.14199829101562,286.9848937988281,375.23846435546875
2022-03-02,163.68954467773438,152.05250549316406,292.08343505859375,382.12933349609375
2022-03-03,163.36520385742188,147.89849853515625,287.92877197265625,380.2120361328125
2022-03-04,160.35794067382812,145.64100646972656,282.0323791503906,377.1367492675781
2022-03-07,156.5546417236328,137.4530029296875,271.3780517578125,366.003173828125
2022-03-08,154.7266845703125,136.01449584960938,268.40069580078125,363.2411804199219
2022-03-09,160.14173889160156,139.2790069580078,280.7091064453125,372.9224548339844
2022-03-10,155.78810119628906,146.8175048828125,277.8776550292969,371.261474609375
2022-03-11,152.06338500976562,145.52450561523438,272.5067443847656,366.5252685546875
2022-03-14,148.02423095703125,141.85299682617188,268.974853515625,363.8485412597656
2022-03-15,152.41717529296875,147.3665008544922,279.39556884765625,371.8310241699219
2022-03-16,156.83966064453125,153.10400390625,286.4400939941406,380.1455993652344
2022-03-17,157.8518829345703,157.23899841308594,287.2477111816406,384.79644775390625
2022-03-18,161.15399169921875,161.25050354003906,292.31695556640625,389.0486755371094
2022-03-21,162.5298614501953,161.4915008544922,291.0812072753906,389.0676574707031
2022-03-22,165.9105682373047,164.88900756835938,295.8489074707031,393.58563232421875
2022-03-23,167.27664184570312,163.4080047607422,291.4023132324219,388.51708984375
2022-03-24,171.070068359375,163.64950561523438,295.88787841796875,394.2922058105469
2022-03-25,171.7089080810547,164.77349853515625,295.47918701171875,396.2921142578125
2022-03-28,172.57373046875,168.99049377441406,302.30963134765625,399.0253601074219
2022-03-29,175.87583923339844,169.31500244140625,306.8924560546875,404.07281494140625
2022-03-30,174.70631408691406,166.30099487304688,305.3842468261719,401.5586853027344
2022-03-31,171.60081481933594,162.99749755859375,299.98419189453125,395.38739013671875
2022-04-01,171.3059539794922,163.55999755859375,301.0642395019531,396.4825744628906
2022-04-04,175.36477661132812,168.34649658203125,306.46429443359375,399.84442138671875
2022-04-05,172.04299926757812,164.05499267578125,302.4847412109375,394.9017028808594
2022-04-06,168.8686981201172,158.75599670410156,291.4120788574219,390.9017639160156
2022-04-07,169.17335510253906,157.7845001220703,293.2315368652344,392.8732604980469
2022-04-08,167.15867614746094,154.4604949951172,288.95037841796875,391.9208068847656
2022-04-11,162.89346313476562,151.1219940185547,277.55657958984375,385.13055419921875
2022-04-12,164.77056884765625,150.78750610351562,274.44305419921875,383.7210998535156
2022-04-13,167.46334838867188,155.54100036621094,279.8528747558594,388.0542907714844
2022-04-14,162.44140625,151.7064971923828,272.27325439453125,383.34014892578125
2022-04-18,162.22520446777344,152.78500366210938,272.9446105957031,383.4068298339844
2022-04-19,164.51504516601562,158.11549377441406,277.59552001953125,389.5303649902344
2022-04-20,164.34799194335938,153.9980010986328,278.62689208984375,389.23516845703125
2022-04-21,163.55191040039062,148.29600524902344,273.2267761230469,383.46392822265625
2022-04-22,159.00169372558594,144.35000610351562,266.6297912597656,372.9975891113281
2022-04-25,160.0729217529297,146.07400512695312,273.1392517089844,375.0356140136719
2022-04-26,154.0977325439453,139.39100646972656,262.9227600097656,364.3121643066406
2022-04-27,153.87171936035156,138.16700744628906,275.5716857910156,365.2550048828125
2022-04-28,160.81983947753906,144.59649658203125,281.8086242675781,374.4071044921875
2022-04-29,154.93307495117188,124.28150177001953,270.02557373046875,360.6551513671875
2022-05-02,155.23776245117188,124.5,276.7879638671875,362.92169189453125
2022-05-03,156.73153686523438,124.25350189208984,274.17059326171875,364.4931640625
2022-05-04,163.15882873535156,125.92849731445312,282.1491394042969,375.5498352050781
2022-05-05,154.06826782226562,116.40699768066406,269.86029052734375,362.35986328125
2022-05-06,154.79652404785156,114.77249908447266,267.31103515625,360.0837707519531
2022-05-09,149.6589813232422,108.78900146484375,257.43505859375,348.465087890625
2022-05-10,152.07028198242188,108.85900115966797,262.22222900390625,349.3602294921875
2022-05-11,144.18678283691406,105.37200164794922,253.5138702392578,343.73193359375
2022-05-12,140.30897521972656,106.93049621582031,248.454345703125,343.4652099609375
2022-05-13,144.78713989257812,113.05500030517578,254.0684814453125,351.5697326660156
2022-05-16,143.24192810058594,110.81050109863281,254.43824768066406,350.3125915527344
2022-05-17,146.88352966308594,115.36849975585938,259.6146545410156,357.3218994140625
2022-05-18,138.59646606445312,107.11250305175781,247.79440307617188,343.1699523925781
2022-05-19,135.18125915527344,107.31900024414062,246.87765502929688,340.8747863769531
2022-05-20,135.41744995117188,107.59100341796875,246.31201171875,340.9604797363281
2022-05-23,140.85032653808594,107.55699920654297,254.20188903808594,347.4270324707031
2022-05-24,138.14370727539062,104.0999984741211,253.1973419189453,344.92236328125
2022-05-25,138.3011932373047,106.7750015258789,256.0256652832031,347.7984313964844
2022-05-26,141.50970458984375,111.07749938964844,259.3219909667969,354.71246337890625
2022-05-27,147.2771759033203,115.14649963378906,266.4803466796875,363.6073913574219
2022-05-31,146.4898223876953,120.20950317382812,265.1442565917969,361.5884704589844
2022-06-01,146.3618621826172,121.68399810791016,265.6807556152344,358.55999755859375
2022-06-02,148.82240295410156,125.51100158691406,267.7872314453125,365.3692932128906
2022-06-03,143.08444213867188,122.3499984741211,263.340087890625,359.4551696777344
2022-06-06,143.8324432373047,124.79000091552734,262.1015319824219,360.4361572265625
2022-06-07,146.3618621826172,123.0,265.7586975097656,363.9598083496094
2022-06-08,145.62374877929688,121.18000030517578,263.720458984375,359.9789733886719
2022-06-09,140.38772583007812,116.1500015258789,258.23944091796875,351.5125732421875
2022-06-10,134.96473693847656,109.6500015258789,246.73138427734375,341.1985778808594
2022-06-13,129.79759216308594,103.66999816894531,236.26683044433594,328.04669189453125
2022-06-14,130.66371154785156,102.30999755859375,238.44168090820312,327.2276916503906
2022-06-15,133.2915496826172,107.66999816894531,245.53179931640625,331.9132385253906
2022-06-16,128.00631713867188,103.66000366210938,238.90975952148438,321.0087890625
2022-06-17,129.482666015625,106.22000122070312,241.5234832763672,321.8468933105469
2022-06-21,133.72459411621094,108.68000030517578,247.46282958984375,329.73236083984375
2022-06-22,133.2128143310547,108.94999694824219,246.86793518066406,329.0371398925781
2022-06-23,136.0867156982422,112.44000244140625,252.45616149902344,332.494140625
2022-06-24,139.42320251464844,116.45999908447266,261.07745361328125,342.84619140625
2022-06-27,139.42320251464844,113.22000122070312,258.33697509765625,341.560546875
2022-06-28,135.26983642578125,107.4000015258789,250.1350555419922,334.1798095703125
2022-06-29,137.03158569335938,108.91999816894531,253.82156372070312,334.3443298339844
2022-06-30,134.5612030029297,106.20999908447266,250.4763946533203,331.7049865722656
2022-07-01,136.73631286621094,109.55999755859375,253.1583709716797,335.10931396484375
2022-07-05,139.3247528076172,113.5,256.34747314453125,335.7021484375
2022-07-06,140.6632843017578,114.33000183105469,259.62432861328125,336.91656494140625
2022-07-07,144.03915405273438,116.33000183105469,261.7601623535156,341.86041259765625
2022-07-08,144.71824645996094,115.54000091552734,261.03851318359375,341.6596374511719
2022-07-11,142.58248901367188,111.75,257.9664001464844,337.79638671875
2022-07-12,143.556884765625,109.22000122070312,247.39454650878906,334.6789855957031
2022-07-13,143.19273376464844,110.4000015258789,246.4680633544922,333.12030029296875
2022-07-14,146.12567138671875,110.62999725341797,247.79440307617188,332.2405700683594
2022-07-15,147.79879760742188,113.55000305175781,250.36912536621094,338.5230712890625
2022-07-18,144.74778747558594,113.76000213623047,247.96022033691406,335.7213134765625
2022-07-19,148.61570739746094,118.20999908447266,253.10958862304688,344.8343505859375
2022-07-20,150.62351989746094,122.7699966430664,255.78182983398438,347.0433654785156
2022-07-21,152.89703369140625,124.62999725341797,258.2882080078125,350.552734375
2022-07-22,151.65692138671875,122.41999816894531,253.91903686523438,347.3588562011719
2022-07-25,150.534912109375,121.13999938964844,252.4269256591797,347.7031555175781
2022-07-26,149.2062530517578,114.80999755859375,245.66835021972656,343.533935546875
2022-07-27,154.3142852783203,120.97000122070312,262.0917663574219,352.5321960449219
2022-07-28,154.8654327392578,122.27999877929688,269.5719909667969,356.9883117675781
2022-07-29,159.94395446777344,134.9499969482422,273.79486083984375,362.21905517578125
2022-08-01,158.95977783203125,135.38999938964844,271.1324768066406,361.12890625
2022-08-02,157.48342895507812,134.16000366210938,268.0212707519531,358.795654296875
2022-08-03,163.50680541992188,139.52000427246094,275.48211669921875,364.3993835449219
2022-08-04,163.19187927246094,142.57000732421875,276.63287353515625,364.1124267578125
2022-08-05,162.9651641845703,140.8000030517578,275.9111633300781,363.3570251464844
2022-08-08,162.49209594726562,139.41000366210938,273.3852844238281,363.0318298339844
2022-08-09,162.54139709472656,137.8300018310547,275.3162841796875,361.59747314453125
2022-08-10,166.79910278320312,142.69000244140625,282.00653076171875,369.1710205078125
2022-08-11,166.05990600585938,140.63999938964844,279.9195251464844,369.1710205078125
2022-08-12,169.61785888671875,143.5500030517578,284.68853759765625,375.49188232421875
2022-08-15,170.69210815429688,143.17999267578125,286.2099609375,377.09832763671875
2022-08-16,170.53440856933594,144.77999877929688,285.4687805175781,377.7581787109375
2022-08-17,172.03248596191406,142.10000610351562,284.7162170410156,375.17626953125
2022-08-18,171.6382293701172,142.3000030517578,283.5923156738281,376.3333740234375
2022-08-19,169.04617309570312,138.22999572753906,279.6634216308594,371.140869140625
2022-08-22,165.1531982421875,133.22000122070312,271.4538269042969,363.3188171386719
2022-08-23,164.8180694580078,133.6199951171875,270.1735534667969,362.4580993652344
2022-08-24,165.11373901367188,133.8000030517578,269.5382080078125,363.55780029296875
2022-08-25,167.5776824951172,137.27999877929688,272.5289001464844,368.85546875
2022-08-26,161.26014709472656,130.75,262.0128173828125,356.2137451171875
2022-08-29,159.05245971679688,129.7899932861328,259.2176513671875,353.8614196777344
2022-08-30,156.61807250976562,128.72999572753906,257.0089111328125,350.0172424316406
2022-08-31,154.9524383544922,126.7699966430664,255.54286193847656,347.26324462890625
2022-09-01,155.68177795410156,127.81999969482422,254.4971160888672,348.3341979980469
2022-09-02,153.56275939941406,127.51000213623047,250.25550842285156,344.681396484375
2022-09-06,152.30120849609375,126.11000061035156,247.50921630859375,343.5243225097656
2022-09-07,153.7106170654297,129.47999572753906,252.239501953125,349.6825866699219
2022-09-08,152.2322235107422,129.82000732421875,252.6597442626953,351.968017578125
2022-09-09,155.1002655029297,133.27000427246094,258.4650573730469,357.39947509765625
2022-09-12,161.0728759765625,136.4499969482422,260.6054382324219,361.3297119140625
2022-09-13,151.62118530273438,126.81999969482422,246.2777557373047,345.57073974609375
2022-09-14,153.0700225830078,128.5500030517578,246.50253295898438,346.86163330078125
2022-09-15,150.17239379882812,126.27999877929688,239.81759643554688,342.98876953125
2022-09-16,148.52647399902344,123.52999877929688,239.192138671875,340.2921447753906
2022-09-19,152.251953125,124.66000366210938,238.97711181640625,342.9027404785156
2022-09-20,154.63705444335938,122.19000244140625,236.95399475097656,339.0395202636719
2022-09-21,151.5029296875,118.54000091552734,233.53334045410156,333.0725402832031
2022-09-22,150.5370635986328,117.30999755859375,235.51734924316406,330.2611083984375
2022-09-23,148.26036071777344,113.77999877929688,232.52670288085938,324.7721862792969
2022-09-26,148.59548950195312,115.1500015258789,232.0673828125,321.6260681152344
2022-09-27,149.57118225097656,114.41000366210938,231.05096435546875,320.7176818847656
2022-09-28,147.67886352539062,118.01000213623047,235.60531616210938,327.0173034667969
2022-09-29,140.42501831054688,114.80000305175781,232.11624145507812,320.19805908203125
2022-09-30,136.20677185058594,113.0,227.62049865722656,315.31890869140625
2022-10-03,140.3954620361328,115.87999725341797,235.2827911376953,323.6557312011719
2022-10-04,143.99281311035156,121.08999633789062,243.23825073242188,333.4812316894531
2022-10-05,144.28848266601562,120.94999694824219,243.55104064941406,332.9049072265625
2022-10-06,143.33245849609375,120.30000305175781,241.1956329345703,329.3992614746094
2022-10-07,138.06948852539062,114.55999755859375,228.9301300048828,320.1499938964844
2022-10-10,138.39476013183594,113.66999816894531,224.05322265625,317.75848388671875
2022-10-11,136.97547912597656,112.20999908447266,220.30032348632812,315.6647033691406
2022-10-12,136.3447265625,112.9000015258789,220.632568359375,314.6850891113281
2022-10-13,140.92767333984375,112.52999877929688,228.9301300048828,322.92578125
2022-10-14,136.38417053222656,106.9000015258789,223.37889099121094,315.6550598144531
2022-10-17,140.35606384277344,113.79000091552734,232.14553833007812,323.6749267578125
2022-10-18,141.67672729492188,116.36000061035156,233.09356689453125,327.48797607421875
2022-10-19,141.78512573242188,115.06999969482422,231.11936950683594,325.2212829589844
2022-10-20,141.32191467285156,115.25,230.79684448242188,322.5512390136719
2022-10-21,145.1459503173828,119.31999969482422,236.63150024414062,330.3021545410156
2022-10-24,147.29449462890625,119.81999969482422,241.64520263671875,334.326416015625
2022-10-25,150.14285278320312,120.5999984741211,244.97792053222656,339.7626037597656
2022-10-26,147.19595336914062,115.66000366210938,226.0763397216797,337.2269592285156
2022-10-27,142.71157836914062,110.95999908447266,221.6099090576172,335.4213562011719
2022-10-28,153.49378967285156,103.41000366210938,230.52316284179688,343.2491149902344
2022-10-31,151.12838745117188,102.44000244140625,226.8679656982422,340.9151916503906
2022-11-01,148.47718811035156,96.79000091552734,222.9977569580078,339.54168701171875
2022-11-02,142.938232421875,92.12000274658203,215.11068725585938,330.87835693359375
2022-11-03,136.876953125,89.30000305175781,209.3932647705078,327.3535461425781
2022-11-04,136.61044311523438,90.9800033569336,216.37144470214844,332.146240234375
2022-11-07,137.14349365234375,90.52999877929688,222.70455932617188,335.3349304199219
2022-11-08,137.71607971191406,89.9800033569336,223.68185424804688,337.1597900390625
2022-11-09,133.1453094482422,86.13999938964844,219.4207000732422,330.2733154296875
2022-11-10,144.99183654785156,96.62999725341797,237.47198486328125,348.34912109375
2022-11-11,147.78561401367188,100.79000091552734,241.50839233398438,351.68194580078125
2022-11-14,146.38380432128906,98.48999786376953,236.07443237304688,348.8582458496094
2022-11-15,148.12130737304688,98.94000244140625,236.4849090576172,351.73956298828125
2022-11-16,146.8872528076172,97.12000274658203,236.91615295410156,349.06951904296875
2022-11-17,148.79261779785156,94.8499984741211,236.8671417236328,348.0610656738281
2022-11-18,149.35531616210938,94.13999938964844,236.41629028320312,349.59771728515625
2022-11-21,146.1172637939453,92.45999908447266,237.22976684570312,348.36834716796875
2022-11-22,148.25949096679688,93.19999694824219,240.15040588378906,353.0073547363281
2022-11-23,149.13812255859375,94.12999725341797,242.649658203125,355.2164306640625
2022-11-25,146.2159881591797,93.41000366210938,242.56143188476562,355.1780090332031
2022-11-28,142.37571716308594,93.94999694824219,236.945556640625,349.5593566894531
2022-11-29,139.36473083496094,92.41999816894531,235.5440216064453,348.94464111328125
2022-11-30,146.13699340820312,96.54000091552734,250.05908203125,359.6825256347656
2022-12-01,146.4134063720703,95.5,249.6180419921875,359.7305603027344
2022-12-02,145.91978454589844,94.12999725341797,249.9414825439453,359.21197509765625
2022-12-05,144.7549285888672,91.01000213623047,245.2174530029297,352.8153076171875
2022-12-06,141.08245849609375,88.25,240.23861694335938,347.7152404785156
2022-12-07,139.1376495361328,88.45999908447266,239.50357055664062,347.04290771484375
2022-12-08,140.82582092285156,90.3499984741211,242.4732208251953,349.7801513671875
2022-12-09,140.34210205078125,89.08999633789062,240.53268432617188,347.2254333496094
2022-12-12,142.6422882080078,90.55000305175781,247.48146057128906,352.1813659667969
2022-12-13,143.6097412109375,92.48999786376953,251.80364990234375,354.7842712402344
2022-12-14,141.378662109375,91.58000183105469,252.09764099121094,352.6424255371094
2022-12-15,134.75445556640625,88.44999694824219,244.05117797851562,343.969482421875
2022-12-16,132.78988647460938,87.86000061035156,239.8172149658203,339.8682556152344
2022-12-19,130.67724609375,84.91999816894531,235.66162109375,336.9388732910156
2022-12-20,130.608154296875,85.19000244140625,236.9847412109375,337.45233154296875
2022-12-21,133.7178955078125,86.7699966430664,239.56234741210938,342.49957275390625
2022-12-22,130.53903198242188,83.79000091552734,233.44662475585938,337.6839599609375
2022-12-23,130.17379760742188,85.25,233.97586059570312,339.5754089355469
2022-12-27,128.36717224121094,83.04000091552734,232.24111938476562,338.224365234375
2022-12-28,124.42820739746094,81.81999969482422,229.85951232910156,334.0746154785156
2022-12-29,127.95258331298828,84.18000030517578,236.21044921875,340.00006103515625
2022-12-30,128.2684783935547,84.0,235.044189453125,339.06396484375
2023-01-03,123.47059631347656,85.81999969482422,234.80894470214844,337.7610778808594
2023-01-04,124.74412536621094,85.13999938964844,224.53765869140625,340.1930847167969
2023-01-05,123.4212646484375,83.12000274658203,217.88287353515625,336.47760009765625
2023-01-06,127.96244049072266,86.08000183105469,220.45068359375,344.1305236816406
2023-01-09,128.4856414794922,87.36000061035156,222.59706115722656,343.8795471191406
2023-01-10,129.05824279785156,89.87000274658203,224.29263305664062,346.3309020996094
2023-01-11,131.782958984375,95.08999633789062,231.0748291015625,350.7508544921875
2023-01-12,131.70399475097656,95.2699966430664,233.76025390625,352.06329345703125
2023-01-13,133.0366973876953,98.12000274658203,234.46592712402344,353.43365478515625
2023-01-17,134.2016143798828,96.05000305175781,235.56361389160156,352.893310546875
2023-01-18,133.48095703125,95.45999908447266,231.11402893066406,347.1607666015625
2023-01-19,133.54017639160156,93.68000030517578,227.31126403808594,344.66131591796875
2023-01-20,136.10691833496094,97.25,235.43618774414062,351.0017395019531
2023-01-23,139.3054962158203,97.5199966430664,237.7491912841797,355.2769775390625
2023-01-24,140.7073211669922,96.31999969482422,237.21995544433594,354.9005432128906
2023-01-25,140.0458984375,97.18000030517578,235.8184356689453,355.02606201171875
2023-01-26,142.11904907226562,99.22000122070312,243.061279296875,358.8187255859375
2023-01-27,144.06385803222656,102.23999786376953,243.2180633544922,359.8416442871094
2023-01-30,141.1713409423828,100.55000305175781,237.87660217285156,355.3445129394531
2023-01-31,142.44482421875,103.12999725341797,242.8750762939453,360.39178466796875
2023-02-01,143.5702362060547,105.1500015258789,247.71669006347656,364.33880615234375
2023-02-02,148.8913116455078,112.91000366210938,259.3307189941406,369.559814453125
2023-02-03,152.52427673339844,103.38999938964844,253.20518493652344,365.6127624511719
2023-02-06,149.78968811035156,102.18000030517578,251.65660095214844,363.499267578125
2023-02-07,152.67234802246094,102.11000061035156,262.23175048828125,368.189453125
2023-02-08,149.97726440429688,100.05000305175781,261.41827392578125,364.1554260253906
2023-02-09,148.940673828125,98.23999786376953,258.3702087402344,361.038330078125
2023-02-10,149.30653381347656,97.61000061035156,257.860595703125,361.9165344238281
2023-02-13,152.11448669433594,99.54000091552734,265.9168701171875,366.0952453613281
2023-02-14,151.47181701660156,99.69999694824219,266.7499694824219,365.9601135253906
2023-02-15,153.57777404785156,101.16000366210938,264.61785888671875,367.185791015625
2023-02-16,151.97607421875,98.1500015258789,257.5730285644531,362.0806579589844
2023-02-17,150.82916259765625,97.19999694824219,253.554443359375,361.1445007324219
2023-02-21,146.8050537109375,94.58000183105469,248.25852966308594,353.9741516113281
2023-02-22,147.23019409179688,95.79000091552734,247.1187744140625,353.5301818847656
2023-02-23,147.7146759033203,95.81999969482422,250.3218536376953,355.3059387207031
2023-02-24,145.05503845214844,93.5,244.86875915527344,351.5035705566406
2023-02-27,146.25137329101562,93.76000213623047,245.79234313964844,352.7195739746094
2023-02-28,145.7471466064453,94.2300033569336,245.0652618408203,351.3876953125
2023-03-01,143.67080688476562,92.16999816894531,241.9702911376953,350.1042175292969
2023-03-02,144.26405334472656,92.12999725341797,246.7257843017578,352.7195739746094
2023-03-03,149.32627868652344,94.9000015258789,250.83277893066406,358.3072204589844
2023-03-06,152.09469604492188,93.75,252.3851776123047,358.7415466308594
2023-03-07,149.88987731933594,93.55000305175781,249.71267700195312,353.19244384765625
2023-03-08,151.1455535888672,93.91999816894531,249.2705535888672,353.7425231933594
2023-03-09,148.8912353515625,92.25,247.91465759277344,347.2669677734375
2023-03-10,146.8248291015625,90.7300033569336,244.249755859375,342.2872009277344
2023-03-13,148.7725830078125,92.43000030517578,249.48672485351562,341.70819091796875
2023-03-14,150.86868286132812,94.87999725341797,256.2367858886719,347.38275146484375
2023-03-15,151.26417541503906,96.19999694824219,260.8055419921875,345.2403259277344
2023-03-16,154.0919189453125,100.04000091552734,271.377685546875,351.1465148925781
2023-03-17,153.2515106201172,98.94999694824219,274.55133056640625,347.3055419921875
2023-03-20,155.6244354248047,97.70999908447266,267.4770202636719,350.4420166015625
2023-03-21,157.48321533203125,100.61000061035156,269.0,355.02606201171875
2023-03-22,156.04957580566406,98.69999694824219,267.5359802246094,349.1391906738281
2023-03-23,157.13714599609375,98.70999908447266,272.8122253417969,349.9691467285156
2023-03-24,158.44229125976562,98.12999725341797,275.6714172363281,352.30157470703125
2023-03-27,156.49449157714844,98.04000091552734,271.5545959472656,352.88299560546875
2023-03-28,155.87159729003906,97.23999786376953,270.4246826171875,352.2627868652344
2023-03-29,158.9564208984375,100.25,275.6125183105469,357.2727355957031
2023-03-30,160.52847290039062,102.0,279.0906677246094,359.40460205078125
2023-03-31,163.03981018066406,103.29000091552734,283.2663879394531,364.4241943359375
2023-04-03,164.29551696777344,102.41000366210938,282.21514892578125,365.8680419921875
2023-04-04,163.7615966796875,103.94999694824219,282.166015625,363.8039855957031
2023-04-05,161.91268920898438,101.0999984741211,279.3756103515625,362.92218017578125
2023-04-06,162.8025360107422,102.05999755859375,286.50885009765625,364.30792236328125
2023-04-10,160.20220947265625,102.16999816894531,284.3374328613281,364.7051696777344
2023-04-11,158.986083984375,99.91999816894531,277.8918762207031,364.7536315917969
2023-04-12,158.29396057128906,97.83000183105469,278.5404052734375,363.30010986328125
2023-04-13,163.69236755371094,102.4000015258789,284.77960205078125,368.00958251953125
2023-04-14,163.34632873535156,102.51000213623047,281.1441955566406,367.2537536621094
2023-04-17,163.36610412597656,102.73999786376953,283.75775146484375,368.5038146972656
2023-04-18,164.5921173095703,102.30000305175781,283.3352355957031,368.75579833984375
2023-04-19,165.73904418945312,104.30000305175781,283.41387939453125,368.7363586425781
2023-04-20,164.7700958251953,103.80999755859375,281.11468505859375,366.65289306640625
2023-04-21,163.15846252441406,106.95999908447266,280.7707824707031,366.86614990234375
2023-04-24,163.4650115966797,106.20999908447266,276.8504638671875,367.3506164550781
2023-04-25,161.92257690429688,102.56999969482422,270.6112976074219,361.54620361328125
2023-04-26,161.91268920898438,104.9800033569336,290.2130432128906,359.93756103515625
2023-04-27,166.51023864746094,109.81999969482422,299.5079040527344,367.079345703125
2023-04-28,167.76588439941406,105.44999694824219,301.8954162597656,370.218994140625
2023-05-01,167.67694091796875,102.05000305175781,300.22509765625,369.9670715332031
2023-05-02,166.63876342773438,103.62999725341797,300.0777282714844,365.81964111328125
2023-05-03,165.56103515625,103.6500015258789,299.0853576660156,363.2710266113281
2023-05-04,163.91976928710938,104.0,300.0777282714844,360.6159362792969
2023-05-05,171.6120147705078,105.66000366210938,305.22625732421875,367.2343444824219
2023-05-08,171.54283142089844,105.83000183105469,303.2611389160156,367.4378356933594
2023-05-09,169.8323516845703,106.62000274658203,301.63995361328125,365.8486328125
2023-05-10,171.6021270751953,110.19000244140625,306.85723876953125,367.44757080078125
2023-05-11,171.7899932861328,112.18000030517578,304.69561767578125,366.9339904785156
2023-05-12,170.8593292236328,110.26000213623047,303.5755920410156,366.4397277832031
2023-05-15,170.3642578125,111.19999694824219,304.0569763183594,367.70916748046875
2023-05-16,170.3642578125,113.4000015258789,306.2972412109375,365.27691650390625
2023-05-17,170.97813415527344,115.5,309.1921691894531,369.6376037597656
2023-05-18,173.31472778320312,118.1500015258789,313.6429748535156,373.2521057128906
2023-05-19,173.4236297607422,116.25,313.4656982421875,372.6609802246094
2023-05-22,172.47314453125,115.01000213623047,316.2622375488281,372.8644104003906
2023-05-23,169.85931396484375,114.98999786376953,310.43292236328125,368.6976318359375
2023-05-24,170.1365509033203,116.75,309.0444641113281,365.9358825683594
2023-05-25,171.275146484375,115.0,320.9296875,369.1240234375
2023-05-26,173.69093322753906,120.11000061035156,327.7929382324219,373.9207458496094
2023-05-30,175.5424346923828,121.66000366210938,326.1387023925781,374.0369873046875
2023-05-31,175.49290466308594,120.58000183105469,323.36187744140625,372.00201416015625
2023-06-01,178.3047637939453,122.7699966430664,327.4876708984375,375.5680236816406
2023-06-02,179.15623474121094,124.25,330.2645263671875,381.0818176269531
2023-06-05,177.7998046875,125.30000305175781,330.7962646484375,380.3454284667969
2023-06-06,177.43350219726562,126.61000061035156,328.5708312988281,381.1302795410156
2023-06-07,176.05726623535156,121.2300033569336,318.4285583496094,379.8802490234375
2023-06-08,178.77999877929688,124.25,320.2798156738281,382.1575012207031
2023-06-09,179.16615295410156,123.43000030517578,321.786376953125,382.7970275878906
2023-06-12,181.96807861328125,126.56999969482422,326.7688903808594,386.3146667480469
2023-06-13,181.4928741455078,126.66000366210938,329.1715393066406,388.8631896972656
2023-06-14,182.1265106201172,126.41999816894531,332.1748046875,389.16357421875
2023-06-15,184.1660614013672,127.11000061035156,342.7700500488281,394.15411376953125
2023-06-16,183.08688354492188,125.48999786376953,337.0884094238281,392.7005310058594
2023-06-20,183.1759796142578,125.77999877929688,332.8739318847656,390.8884582519531
2023-06-21,182.13641357421875,124.83000183105469,328.45269775390625,388.7469482421875
2023-06-22,185.14627075195312,130.14999389648438,334.50848388671875,390.16168212890625
2023-06-23,184.82943725585938,129.3300018310547,329.89031982421875,387.2351989746094
2023-06-26,183.4334259033203,127.33000183105469,323.5686950683594,385.63629150390625
2023-06-27,186.1957550048828,129.17999267578125,329.4472351074219,389.90972900390625
2023-06-28,187.37396240234375,129.0399932861328,330.7076110839844,390.08416748046875
2023-06-29,187.7105712890625,127.9000015258789,329.91986083984375,391.5784606933594
2023-06-30,192.04718017578125,130.36000061035156,335.3258361816406,396.2189025878906
2023-07-03,190.55215454101562,130.22000122070312,332.81488037109375,396.977783203125
2023-07-05,189.43333435058594,130.3800048828125,332.9724426269531,396.0924377441406
2023-07-06,189.90858459472656,128.36000061035156,336.04461669921875,392.86260986328125
2023-07-07,188.78977966308594,129.77999877929688,332.0566711425781,391.9481506347656
2023-07-10,186.74029541015625,127.12999725341797,326.7491455078125,392.998779296875
2023-07-11,186.21556091308594,128.77999877929688,327.3793640136719,395.51849365234375
2023-07-12,187.88882446289062,130.8000030517578,332.0369567871094,398.6316223144531
2023-07-13,188.6511688232422,134.3000030517578,337.4132995605469,401.8808898925781
2023-07-14,188.79969787597656,134.67999267578125,339.953857421875,401.5597839355469
2023-07-17,192.06698608398438,133.55999755859375,340.4364013671875,402.9607238769531
2023-07-18,191.80953979492188,132.8300018310547,353.98565673828125,406.01544189453125
2023-07-19,193.16595458984375,135.36000061035156,349.6431884765625,406.8909606933594
2023-07-20,191.21551513671875,129.9600067138672,341.5589294433594,404.23516845703125
2023-07-21,190.0373077392578,130.0,338.5063171386719,404.2837829589844
2023-07-24,190.83924865722656,128.8000030517578,339.8257751464844,405.9959411621094
2023-07-25,191.7006378173828,129.1300048828125,345.6059875488281,407.1925964355469
2023-07-26,192.5718994140625,128.14999389648438,332.5982360839844,407.2898864746094
2023-07-27,191.30459594726562,128.25,325.65618896484375,404.5270080566406
2023-07-28,193.8887176513672,132.2100067138672,333.18902587890625,408.467041015625
2023-07-31,194.5026092529297,133.67999267578125,330.776611328125,409.2549743652344
2023-08-01,193.67091369628906,131.69000244140625,331.19012451171875,407.99029541015625
2023-08-02,190.6709442138672,128.2100067138672,322.4855041503906,402.3381042480469
2023-08-03,189.27490234375,128.91000366210938,321.6583557128906,401.1998596191406
2023-08-04,180.18594360351562,139.57000732421875,322.76116943359375,399.2347106933594
2023-08-07,177.07704162597656,142.22000122070312,325.0555114746094,402.8342590332031
2023-08-08,178.01763916015625,139.94000244140625,321.0577087402344,401.09283447265625
2023-08-09,176.42359924316406,137.85000610351562,317.2961730957031,398.4272766113281
2023-08-10,176.2057647705078,138.55999755859375,317.9854431152344,398.6607666015625
2023-08-11,176.26527404785156,138.41000366210938,316.0948486328125,398.2911071777344
2023-08-14,177.9209747314453,140.57000732421875,319.0784912109375,400.5383605957031
2023-08-15,175.9281768798828,137.6699981689453,316.93182373046875,395.946533203125
2023-08-16,175.0557403564453,135.07000732421875,316.16217041015625,393.01824951171875
2023-08-17,172.50779724121094,133.97999572753906,312.688720703125,389.8371276855469
2023-08-18,172.9935760498047,133.22000122070312,312.29400634765625,390.197021484375
2023-08-21,174.33201599121094,134.67999267578125,317.62261962890625,392.7750244140625
2023-08-22,175.71006774902344,134.25,318.19488525390625,391.6757507324219
2023-08-23,179.5666961669922,135.52000427246094,322.6748352050781,395.8979187011719
2023-08-24,174.86737060546875,131.83999633789062,315.7378845214844,390.6347961425781
2023-08-25,177.07823181152344,133.25999450683594,318.70806884765625,393.22259521484375
2023-08-28,178.64468383789062,133.13999938964844,319.41851806640625,395.8103332519531
2023-08-29,182.54098510742188,134.91000366210938,324.0661926269531,401.4333801269531
2023-08-30,186.04071044921875,135.07000732421875,324.441162109375,403.1066589355469
2023-08-31,186.25881958007812,138.00999450683594,323.42486572265625,402.5910339355469
2023-09-01,187.83517456054688,138.1199951171875,324.31292724609375,403.4471130371094
2023-09-05,188.0731201171875,137.27000427246094,329.1382141113281,401.6863098144531
2023-09-06,181.3413543701172,135.36000061035156,328.47711181640625,398.91363525390625
2023-09-07,176.0372314453125,137.85000610351562,325.54638671875,397.7268371582031
2023-09-08,176.6519012451172,138.22999572753906,329.8487243652344,398.2716064453125
2023-09-11,177.82180786132812,143.10000610351562,333.4701843261719,400.8885192871094
2023-09-12,174.7880401611328,141.22999572753906,327.3817138671875,398.73858642578125
2023-09-13,172.71597290039062,144.85000610351562,331.614990234375,399.20550537109375
2023-09-14,174.23284912109375,144.72000122070312,334.22015380859375,402.6591491699219
2023-09-15,173.50909423828125,140.38999938964844,325.852294921875,397.6392822265625
2023-09-18,176.44371032714844,139.97999572753906,324.7076110839844,398.0770568847656
2023-09-19,177.53428649902344,137.6300048828125,324.30303955078125,397.2793273925781
2023-09-20,173.98500061035156,135.2899932861328,316.5272216796875,393.5630187988281
2023-09-21,172.43838500976562,129.3300018310547,315.30364990234375,387.1131286621094
2023-09-22,173.29098510742188,129.1199951171875,312.8170471191406,386.1792297363281
2023-09-25,174.56993103027344,131.27000427246094,313.34002685546875,387.7843933105469
2023-09-26,170.48526000976562,125.9800033569336,308.0113830566406,382.09326171875
2023-09-27,168.96836853027344,125.9800033569336,308.65283203125,382.1808166503906
2023-09-28,169.22616577148438,125.9800033569336,309.4916076660156,384.4103088378906
2023-09-29,169.74169921875,127.12000274658203,311.5736999511719,383.4923400878906
2023-10-02,172.25990295410156,129.4600067138672,317.54364013671875,383.4630126953125
2023-10-03,170.9215087890625,124.72000122070312,309.24493408203125,378.3068542480469
2023-10-04,172.1707000732422,127.0,314.7412109375,381.09002685546875
2023-10-05,173.40997314453125,125.95999908447266,315.1358947753906,380.76776123046875
2023-10-06,175.96783447265625,127.95999908447266,322.9314270019531,385.3087463378906
2023-10-09,177.4549560546875,128.25999450683594,325.45758056640625,387.87713623046875
2023-10-10,176.860107421875,129.47999572753906,324.0465087890625,389.8789978027344
2023-10-11,178.2580108642578,131.8300018310547,328.02325439453125,391.52935791015625
2023-10-12,179.16021728515625,132.3300018310547,326.77984619140625,389.1758728027344
2023-10-13,177.316162109375,129.7899932861328,323.395263671875,387.1250915527344
2023-10-16,177.18731689453125,132.5500030517578,328.2402648925781,391.1778259277344
2023-10-17,175.63076782226562,131.47000122070312,327.66790771484375,391.1875915527344
2023-10-18,174.33201599121094,128.1300048828125,325.74371337890625,385.9532470703125
2023-10-19,173.9552459716797,128.39999389648438,326.9377136230469,382.6817932128906
2023-10-20,171.3973846435547,125.16999816894531,322.34930419921875,377.9162292480469
2023-10-23,171.516357421875,126.55999755859375,324.96417236328125,377.2521667480469
2023-10-24,171.95257568359375,128.55999755859375,326.1581726074219,380.07440185546875
2023-10-25,169.6326446533203,121.38999938964844,336.1640930175781,374.713134765625
2023-10-26,165.45875549316406,119.56999969482422,323.5531005859375,370.113525390625
2023-10-27,166.77735900878906,127.73999786376953,325.4477233886719,368.4729919433594
2023-10-30,168.82957458496094,132.7100067138672,332.8485412597656,372.9064636230469
2023-10-31,169.3054656982422,133.08999633789062,333.6379089355469,375.162353515625
2023-11-01,172.47802734375,137.0,341.4926452636719,379.29315185546875
2023-11-02,176.0471649169922,138.07000732421875,343.7128601074219,386.5001220703125
2023-11-03,175.13502502441406,138.60000610351562,348.1336364746094,390.0743103027344
2023-11-06,177.69290161132812,139.74000549316406,351.81427001953125,390.82623291015625
2023-11-07,180.26071166992188,142.7100067138672,355.7613830566406,391.92974853515625
2023-11-08,181.321533203125,142.0800018310547,358.3960876464844,392.2520446777344
2023-11-09,180.8456573486328,140.60000610351562,355.91925048828125,389.2930603027344
2023-11-10,185.0448760986328,143.55999755859375,364.7805480957031,395.3672180175781
2023-11-13,183.45654296875,142.58999633789062,361.83001708984375,394.96685791015625
2023-11-14,186.0773468017578,145.8000030517578,365.3725280761719,402.55462646484375
2023-11-15,186.64317321777344,143.1999969482422,365.5209045410156,403.43353271484375
2023-11-16,188.33084106445312,142.8300018310547,371.94793701171875,403.99993896484375
2023-11-17,188.31097412109375,145.17999267578125,365.6988525390625,404.5956726074219
2023-11-20,190.0581817626953,146.1300048828125,373.2036437988281,407.64251708984375
2023-11-21,189.25405883789062,143.89999389648438,368.8826904296875,406.5780334472656
2023-11-22,189.919189453125,146.7100067138672,373.6090393066406,408.33587646484375
2023-11-24,188.5889434814453,146.74000549316406,373.19378662109375,408.56048583984375
2023-11-27,188.41024780273438,147.72999572753906,374.36053466796875,407.8475646972656
2023-11-28,189.0157928466797,147.02999877929688,378.4046325683594,408.2479553222656
2023-11-29,187.99330139160156,146.32000732421875,374.59783935546875,407.98431396484375
2023-11-30,188.56907653808594,146.08999633789062,374.6571350097656,409.5662841796875
2023-12-01,189.84970092773438,147.02999877929688,370.3065490722656,411.9685974121094
2023-12-04,188.0528564453125,144.83999633789062,364.996826171875,409.8983154296875
2023-12-05,192.0138702392578,146.8800048828125,368.3388366699219,409.7713623046875
2023-12-06,190.921875,144.52000427246094,364.66064453125,408.0624084472656
2023-12-07,192.85769653320312,146.8800048828125,366.7864990234375,411.2557373046875
2023-12-08,194.2872314453125,147.4199981689453,370.0296936035156,413.0037536621094
2023-12-11,191.77561950683594,145.88999938964844,367.132568359375,414.6053161621094
2023-12-12,193.2944793701172,147.47999572753906,370.1780090332031,416.6658630371094
2023-12-13,196.52084350585938,148.83999633789062,370.1680603027344,422.339599609375
2023-12-14,196.66976928710938,147.4199981689453,361.82281494140625,423.5798645019531
2023-12-15,196.1337127685547,149.97000122070312,366.5690002441406,422.935302734375
2023-12-18,194.4658966064453,154.07000732421875,368.4674072265625,425.327880859375
2023-12-19,195.5082550048828,153.7899932861328,369.07061767578125,427.9157409667969
2023-12-20,193.41358947753906,152.1199951171875,366.4601745605469,421.73907470703125
2023-12-21,193.26470947265625,153.83999633789062,369.3474426269531,425.84771728515625
2023-12-22,192.1925811767578,153.4199981689453,370.3757629394531,426.8381042480469
2023-12-26,191.6465606689453,153.41000366210938,370.454833984375,428.6129455566406
2023-12-27,191.74581909179688,153.33999633789062,369.87152099609375,429.39739990234375
2023-12-28,192.17269897460938,153.3800048828125,371.06787109375,429.4660339355469
2023-12-29,191.1303253173828,151.94000244140625,371.8193664550781,428.31878662109375
2024-01-02,184.2904052734375,149.92999267578125,366.7073974609375,425.58294677734375
2024-01-03,182.9105224609375,148.47000122070312,366.4404296875,422.42547607421875
2024-01-04,180.58755493164062,144.57000732421875,363.8102722167969,421.0918273925781
2024-01-05,179.8628387451172,145.24000549316406,363.6224365234375,421.6311950683594
2024-01-08,184.2109832763672,149.10000610351562,370.4844970703125,427.6617736816406
2024-01-09,183.79405212402344,151.3699951171875,371.57220458984375,426.6223449707031
2024-01-10,184.83644104003906,153.72999572753906,378.47381591796875,429.4366455078125
2024-01-11,184.24078369140625,155.17999267578125,380.31292724609375,429.2895812988281
2024-01-12,184.56837463378906,154.6199951171875,384.10986328125,429.48565673828125
2024-01-16,182.2950439453125,153.16000366210938,385.8896484375,428.02459716796875
2024-01-17,181.3519287109375,151.7100067138672,385.0986633300781,425.64178466796875
2024-01-18,187.25869750976562,153.5,389.4492492675781,429.4268493652344
2024-01-19,190.16738891601562,155.33999633789062,394.1954040527344,434.6827697753906
2024-01-22,192.48043823242188,154.77999877929688,392.05963134765625,435.6731262207031
2024-01-23,193.7610626220703,156.02000427246094,394.4228210449219,436.9674987792969
2024-01-24,193.0860137939453,156.8699951171875,398.0417175292969,437.3302917480469
2024-01-25,192.7584228515625,157.75,400.3257751464844,439.7916259765625
2024-01-26,191.0211181640625,159.1199951171875,399.3963317871094,439.5268859863281
2024-01-29,190.3361358642578,161.25999450683594,405.1213073730469,442.7235412597656
2024-01-30,186.67295837402344,159.0,404.0040588378906,442.40972900390625
2024-01-31,183.05941772460938,155.1999969482422,393.11761474609375,435.20245361328125
2024-02-01,185.5015411376953,159.27999877929688,399.248046875,440.9290466308594
2024-02-02,184.49888610839844,171.80999755859375,406.6045227050781,445.4593505859375
2024-02-05,186.31556701660156,170.30999755859375,401.0970764160156,443.83160400390625
2024-02-06,187.92381286621094,169.14999389648438,400.9388122558594,445.2142028808594
2024-02-07,188.03302001953125,170.52999877929688,409.4027404785156,448.8717956542969
2024-02-08,186.950927734375,169.83999633789062,409.4620666503906,449.1758117675781
2024-02-09,187.71630859375,174.4499969482422,415.82977294921875,451.72528076171875
2024-02-12,186.0264892578125,172.33999633789062,410.5991516113281,451.5193176269531
2024-02-13,183.92918395996094,168.63999938964844,401.759521484375,445.1554260253906
2024-02-14,183.0445098876953,170.97999572753906,405.6426696777344,449.39154052734375
2024-02-15,182.7562713623047,169.8000030517578,402.7402038574219,452.43133544921875
2024-02-16,181.21559143066406,169.50999450683594,400.2637023925781,450.1170959472656
2024-02-20,180.47006225585938,167.0800018310547,399.005615234375,447.6460876464844
2024-02-21,181.22552490234375,168.58999633789062,398.4013366699219,448.0971374511719
2024-02-22,183.26319885253906,174.5800018310547,407.7823791503906,457.5107116699219
2024-02-23,181.42430114746094,174.99000549316406,406.48468017578125,457.71661376953125
2024-02-26,180.0724639892578,174.72999572753906,403.71099853515625,456.03985595703125
2024-02-27,181.53366088867188,173.5399932861328,403.6515808105469,456.8831481933594
2024-02-28,180.33090209960938,173.16000366210938,403.8892822265625,456.1770935058594
2024-02-29,179.6649627685547,176.75999450683594,409.7536926269531,457.86370849609375
2024-03-01,178.58148193359375,178.22000122070312,411.5962219238281,462.2763366699219
2024-03-04,174.04884338378906,177.5800018310547,411.0216979980469,461.7272033691406
2024-03-05,169.09873962402344,174.1199951171875,398.866943359375,457.0989074707031
2024-03-06,168.10475158691406,173.50999450683594,398.31219482421875,459.5209045410156
2024-03-07,167.9854736328125,176.82000732421875,405.2960205078125,464.0708312988281
2024-03-08,169.70509338378906,175.35000610351562,402.40338134765625,461.256591796875
2024-03-11,171.71295166015625,171.9600067138672,400.7193908691406,460.8741455078125
2024-03-12,172.19007873535156,175.38999938964844,411.3782653808594,465.80645751953125
2024-03-13,170.10269165039062,176.55999755859375,411.199951171875,465.1004638671875
2024-03-14,171.96145629882812,178.75,421.2248840332031,464.08062744140625
2024-03-15,171.58372497558594,174.4199981689453,412.507568359375,460.8839111328125
2024-03-18,172.6771240234375,174.47999572753906,413.3990783691406,463.766845703125
2024-03-19,175.02296447753906,175.89999389648438,417.45068359375,466.36541748046875
2024-03-20,177.597412109375,178.14999389648438,421.23480224609375,470.434814453125
2024-03-21,170.34124755859375,178.14999389648438,425.33587646484375,472.0037536621094
2024-03-22,171.24578857421875,178.8699951171875,424.7117919921875,471.3869323730469
2024-03-25,169.82435607910156,179.7100067138672,418.88702392578125,470.1670837402344
2024-03-26,168.6912078857422,178.3000030517578,417.6883850097656,468.848876953125
2024-03-27,172.26959228515625,179.8300018310547,417.47052001953125,472.94122314453125
2024-03-28,170.45059204101562,180.3800048828125,416.76715087890625,472.8822021484375
2024-04-01,169.00929260253906,180.97000122070312,420.5810241699219,472.2624816894531
2024-04-02,167.82643127441406,180.69000244140625,417.48040771484375,469.1734924316406
2024-04-03,168.63156127929688,182.41000366210938,416.4997253417969,469.5965270996094
2024-04-04,167.80654907226562,180.0,413.953857421875,463.8121337890625
2024-04-05,168.56199645996094,185.07000732421875,421.5220642089844,468.7406311035156
2024-04-08,167.4387664794922,185.19000244140625,420.600830078125,468.9275817871094
2024-04-09,168.65145874023438,185.6699981689453,422.2749328613281,469.5079650878906
2024-04-10,166.77281188964844,185.9499969482422,419.2833251953125,464.9631042480469
2024-04-11,173.98922729492188,189.0500030517578,423.909423828125,468.3176574707031
2024-04-12,175.4901580810547,186.1300048828125,417.9360656738281,461.9332275390625
2024-04-15,171.6533203125,183.6199951171875,409.7536926269531,456.07012939453125
2024-04-16,168.36318969726562,183.32000732421875,410.684814453125,455.25360107421875
2024-04-17,166.99147033691406,181.27999877929688,407.9706115722656,452.5090026855469
2024-04-18,166.0372314453125,179.22000122070312,400.47174072265625,451.47607421875
2024-04-19,164.0094757080078,174.6300048828125,395.3701171875,447.6985168457031
2024-04-22,164.84442138671875,177.22999572753906,397.19281005859375,451.5843200683594
2024-04-23,165.89805603027344,179.5399932861328,403.74072265625,457.28009033203125
2024-04-24,168.00535583496094,176.58999633789062,405.2167053222656,456.9456481933594
2024-04-25,168.87013244628906,173.6699981689453,395.2908935546875,455.0568542480469
2024-04-26,168.28366088867188,179.6199951171875,402.5024719238281,459.611572265625
2024-04-29,172.4584503173828,180.9600067138672,398.4707336425781,461.2150573730469
2024-04-30,169.30747985839844,175.0,385.6720886230469,453.92559814453125
2024-05-01,168.28366088867188,179.0,391.2293701171875,452.4499816894531
2024-05-02,171.9912872314453,184.72000122070312,394.1021423339844,456.67022705078125
2024-05-03,182.27915954589844,186.2100067138672,402.8392639160156,462.3365783691406
2024-05-06,180.6191864013672,188.6999969482422,409.65460205078125,466.99945068359375
2024-05-07,181.30502319335938,188.75999450683594,405.4941101074219,467.6684265136719
2024-05-08,181.64300537109375,188.0,406.6828308105469,467.6881103515625
2024-05-09,183.46200561523438,189.5,408.44610595703125,470.3736572265625
2024-05-10,182.19790649414062,187.47999572753906,410.8433837890625,470.95404052734375
2024-05-13,185.41287231445312,186.57000732421875,409.83294677734375,470.98358154296875
2024-05-14,186.55751037597656,187.07000732421875,412.6462707519531,473.2166748046875
2024-05-15,188.8368682861328,185.99000549316406,419.8609313964844,478.98138427734375
2024-05-16,188.956298828125,183.6300048828125,417.786865234375,478.0665283203125
2024-05-17,188.98617553710938,184.6999969482422,417.0127868652344,478.7747802734375
2024-05-20,190.15072631835938,183.5399932861328,422.1037292480469,479.2469787597656
2024-05-21,191.4546356201172,183.14999389648438,425.7756042480469,480.5356750488281
2024-05-22,190.01136779785156,183.1300048828125,427.24432373046875,479.1387939453125
2024-05-23,186.0100860595703,181.0500030517578,423.7511291503906,475.57763671875
2024-05-24,189.0956573486328,180.75,426.8870544433594,478.81414794921875
2024-05-28,189.10562133789062,182.14999389648438,427.0458679199219,479.1977844238281
2024-05-29,189.4042205810547,182.02000427246094,425.9046325683594,475.8236083984375
2024-05-30,190.39956665039062,179.32000732421875,411.5149230957031,472.62640380859375
2024-05-31,191.3551025390625,176.44000244140625,411.9714050292969,476.73846435546875
2024-06-03,193.12681579589844,178.33999633789062,410.37371826171875,477.25982666015625
2024-06-04,193.44532775878906,179.33999633789062,412.9042663574219,477.8402404785156
2024-06-05,194.95823669433594,181.27999877929688,420.78387451171875,483.55572509765625
2024-06-06,193.57470703125,185.0,421.28997802734375,483.44757080078125
2024-06-07,195.97349548339844,184.3000030517578,420.6250915527344,482.81793212890625
2024-06-10,192.22103881835938,187.05999755859375,424.614501953125,484.4017639160156
2024-06-11,206.18572998046875,187.22999572753906,429.3879089355469,485.5035705566406
2024-06-12,212.07818603515625,186.88999938964844,437.70416259765625,489.5467529296875
2024-06-13,213.24273681640625,183.8300018310547,438.22015380859375,490.4714050292969
2024-06-14,211.50088500976562,183.66000366210938,439.2026672363281,490.8648986816406
2024-06-17,215.6614227294922,184.05999755859375,444.95849609375,494.7605285644531
2024-06-18,213.29248046875,182.80999755859375,442.9439697265625,496.0787048339844
2024-06-20,208.70394897460938,186.10000610351562,442.308837890625,494.7015075683594
2024-06-21,206.524169921875,189.0800018310547,446.3578186035156,493.619384765625
2024-06-24,207.171142578125,185.57000732421875,444.26385498046875,492.29132080078125
2024-06-25,208.0968017578125,186.33999633789062,447.5188903808594,494.3374938964844
2024-06-26,212.25733947753906,193.61000061035156,448.7196960449219,494.888427734375
2024-06-27,213.1033935546875,197.85000610351562,449.4044494628906,495.6557312011719
2024-06-28,209.6395721435547,193.25,443.54931640625,493.7444152832031
2024-07-01,215.7410430908203,197.1999969482422,453.2549133300781,494.8797607421875
2024-07-02,219.2446746826172,200.0,455.7855224609375,498.0882568359375
2024-07-03,220.51870727539062,197.58999633789062,457.26416015625,500.3391418457031
2024-07-05,225.28640747070312,200.0,464.00250244140625,503.3304748535156
2024-07-08,226.75953674316406,199.2899932861328,462.69256591796875,503.8141784667969
2024-07-09,227.61550903320312,199.33999633789062,456.04351806640625,504.3670654296875
2024-07-10,231.89549255371094,199.7899932861328,462.7024841308594,509.2242431640625
2024-07-11,226.5106964111328,195.0500030517578,451.2403564453125,504.8606872558594
2024-07-12,229.46682739257812,194.49000549316406,450.09912109375,507.98028564453125
2024-07-15,233.3088836669922,192.72000122070312,450.5060119628906,509.5204162597656
2024-07-16,233.72694396972656,193.02000427246094,446.09979248046875,512.4129028320312
2024-07-17,227.81460571289062,187.92999267578125,440.1453857421875,505.2555847167969
2024-07-18,223.13644409179688,183.75,437.0194091796875,501.4547119140625
2024-07-19,223.265869140625,183.1300048828125,433.7841796875,498.10797119140625
2024-07-22,222.91749572753906,182.5500030517578,439.56982421875,503.2811279296875
2024-07-23,223.9626007080078,186.41000366210938,441.4653015136719,502.4419250488281
2024-07-24,217.522705078125,180.8300018310547,425.63665771484375,490.9407043457031
2024-07-25,216.47760009765625,179.85000610351562,415.2165832519531,488.4627685546875
2024-07-26,216.94541931152344,182.5,422.0342712402344,493.94183349609375
2024-07-29,217.22412109375,183.1999969482422,423.48321533203125,494.3071594238281
2024-07-30,217.78150939941406,181.7100067138672,419.7021484375,491.7205810546875
2024-07-31,221.04623413085938,186.97999572753906,415.1669616699219,499.4703674316406
2024-08-01,217.34356689453125,184.07000732421875,413.93634033203125,492.658447265625
2024-08-02,218.83657836914062,167.89999389648438,405.3819274902344,483.6549377441406
2024-08-05,208.29586791992188,161.02000427246094,392.1434326171875,469.1327209472656
2024-08-06,206.26535034179688,161.92999267578125,396.56951904296875,473.8122253417969
2024-08-07,208.84332275390625,162.77000427246094,395.3984680175781,470.52471923828125
2024-08-08,212.3170623779297,165.8000030517578,399.6260986328125,481.5027770996094
2024-08-09,215.23342895507812,166.94000244140625,402.93072509765625,483.56610107421875
2024-08-12,216.76803588867188,166.8000030517578,403.7147521972656,483.8128967285156
2024-08-13,220.49493408203125,170.22999572753906,410.8599548339844,491.8489074707031
2024-08-14,220.943359375,170.10000610351562,413.6882629394531,493.41864013671875
2024-08-15,223.93284606933594,177.58999633789062,418.5796203613281,501.88909912109375
2024-08-16,225.25819396972656,177.05999755859375,416.0345458984375,502.9454650878906
2024-08-19,225.09873962402344,178.22000122070312,419.07672119140625,507.7828063964844
2024-08-20,225.71656799316406,178.8800048828125,422.32769775390625,506.9437255859375
2024-08-21,225.60696411132812,180.11000061035156,421.6715393066406,508.7207336425781
2024-08-22,223.74351501464844,176.1300048828125,413.1315002441406,504.6039733886719
2024-08-23,226.04542541503906,177.0399932861328,414.36431884765625,510.0633544921875
2024-08-26,226.3842315673828,175.5,411.0835266113281,508.80963134765625
2024-08-27,227.23126220703125,173.1199951171875,411.4314880371094,509.4908142089844
2024-08-28,225.6966552734375,170.8000030517578,408.2103271484375,506.5784606933594
2024-08-29,228.98507690429688,172.1199951171875,410.7156982421875,506.6574401855469
2024-08-30,228.19784545898438,178.5,414.7122802734375,511.4257507324219
2024-09-03,221.9896697998047,176.25,407.0570983886719,501.07958984375
2024-09-04,220.07640075683594,173.3300018310547,406.5202331542969,499.83563232421875
2024-09-05,221.60104370117188,177.88999938964844,406.0132141113281,498.60162353515625
2024-09-06,220.0465087890625,171.38999938964844,399.3621826171875,490.29901123046875
2024-09-09,220.13619995117188,175.39999389648438,403.3587341308594,495.817626953125
2024-09-10,219.3389892578125,179.5500030517578,411.7893981933594,497.8611755371094
2024-09-11,221.88006591796875,184.52000427246094,420.57794189453125,502.955322265625
2024-09-12,221.9896697998047,187.0,424.514892578125,507.2793884277344
2024-09-13,221.7206268310547,186.49000549316406,428.083984375,509.97454833984375
2024-09-16,215.56228637695312,184.88999938964844,428.8296203613281,510.7445373535156
2024-09-17,216.03060913085938,186.8800048828125,432.6174621582031,510.9815368652344
2024-09-18,219.91697692871094,186.42999267578125,428.302734375,509.32293701171875
2024-09-19,228.0683135986328,189.8699951171875,436.1368408203125,518.2080078125
2024-09-20,227.40065002441406,191.60000610351562,432.73675537109375,517.191162109375
2024-09-23,225.67672729492188,193.8800048828125,430.9870300292969,518.4646606445312
2024-09-24,226.57354736328125,193.9600067138672,426.6722717285156,519.9554443359375
2024-09-25,225.57705688476562,192.52999877929688,429.59515380859375,518.8990478515625
2024-09-26,226.72303771972656,191.16000366210938,428.7998046875,520.9624633789062
2024-09-27,226.99208068847656,187.97000122070312,425.5289306640625,520.2880249023438
2024-09-30,232.18385314941406,186.3300018310547,427.795654296875,522.5557861328125
2024-10-01,225.41763305664062,185.1300048828125,418.2416076660156,517.673583984375
2024-10-02,225.98562622070312,184.75999450683594,414.7023620605469,517.7627563476562
2024-10-03,224.8795166015625,181.9600067138672,414.11578369140625,516.7823486328125
2024-10-04,226.00555419921875,186.50999450683594,413.6385803222656,521.5457153320312
2024-10-07,220.91346740722656,180.8000030517578,407.15655517578125,516.8516235351562
2024-10-08,224.97918701171875,182.72000122070312,412.2964172363281,521.7437744140625
2024-10-09,228.73594665527344,185.1699981689453,415.0303955078125,525.3088989257812
2024-10-10,228.23770141601562,186.64999389648438,413.4198303222656,524.427490234375
2024-10-11,226.75294494628906,188.82000732421875,413.8970642089844,527.5469970703125
2024-10-14,230.48980712890625,187.5399932861328,416.70062255859375,531.8646850585938
2024-10-15,233.03086853027344,187.69000244140625,416.3029479980469,527.8143310546875
2024-10-16,230.96810913085938,186.88999938964844,413.6982116699219,530.0325927734375
2024-10-17,231.33682250976562,187.52999877929688,414.29473876953125,530.1118774414062
2024-10-18,234.1768341064453,188.99000549316406,415.726318359375,532.1519165039062
2024-10-21,235.65164184570312,189.07000732421875,416.3427429199219,531.3299560546875
2024-10-22,235.03382873535156,189.6999969482422,425.0219421386719,530.9635009765625
2024-10-23,229.95169067382812,184.7100067138672,422.1288757324219,526.1209716796875
2024-10-24,229.76235961914062,186.3800048828125,422.2580871582031,527.309326171875
2024-10-25,230.59942626953125,187.8300018310547,425.658203125,527.1013793945312
2024-10-28,232.5824432373047,188.38999938964844,424.1072998046875,528.7453002929688
2024-10-29,232.85150146484375,190.8300018310547,429.43609619140625,529.5870971679688
2024-10-30,229.29400634765625,192.72999572753906,430.0127258300781,527.9926147460938
2024-10-31,225.11868286132812,186.39999389648438,403.9850769042969,517.6043090820312
2024-11-01,222.12918090820312,197.92999267578125,407.9816589355469,519.852294921875
2024-11-04,221.23233032226562,195.77999877929688,406.082763671875,518.7233276367188
2024-11-05,222.66729736328125,199.5,409.0653381347656,524.9622802734375
2024-11-06,221.93984985351562,207.08999633789062,417.73455810546875,538.0343627929688
2024-11-07,226.6831817626953,210.0500030517578,422.95404052734375,542.223388671875
2024-11-08,226.41383361816406,208.17999267578125,420.0808410644531,544.619873046875
2024-11-11,223.69039916992188,206.83999633789062,415.57720947265625,545.0655517578125
2024-11-12,223.69039916992188,208.91000366210938,420.5679931640625,543.4315185546875
2024-11-13,224.5782470703125,214.10000610351562,422.72540283203125,543.7088012695312
2024-11-14,227.67079162597656,211.47999572753906,424.4055480957031,540.2526245117188
2024-11-15,224.4585418701172,202.61000061035156,412.5847473144531,533.2808227539062
2024-11-18,227.4712677001953,201.6999969482422,413.34033203125,535.4891967773438
2024-11-19,227.73065185546875,204.61000061035156,415.3585205078125,537.440185546875
2024-11-20,228.44891357421875,202.8800048828125,413.0718688964844,537.63818359375
2024-11-21,227.97007751464844,198.3800048828125,411.2887268066406,540.3516845703125
2024-11-22,229.3168182373047,197.1199951171875,415.4029235839844,542.1639404296875
2024-11-25,232.30960083007812,201.4499969482422,417.1860656738281,543.9068603515625
2024-11-26,234.49432373046875,207.86000061035156,426.350830078125,546.95703125
2024-11-27,234.36463928222656,205.74000549316406,421.3699951171875,545.2140502929688
2024-11-29,236.7588653564453,207.88999938964844,421.8381652832031,548.0859375
2024-12-02,239.013427734375,210.7100067138672,429.32940673828125,549.630859375
2024-12-03,242.06607055664062,213.44000244140625,429.5485534667969,549.7595825195312
2024-12-04,242.42520141601562,218.16000366210938,435.7447204589844,553.2256469726562
2024-12-05,242.4551239013672,220.5500030517578,440.9247741699219,552.3046875
2024-12-06,242.25559997558594,227.02999877929688,441.87115478515625,553.4039306640625
2024-12-09,246.1562042236328,226.08999633789062,444.3117370605469,550.5221557617188
2024-12-10,247.1737518310547,225.0399932861328,441.632080078125,548.9574584960938
2024-12-11,245.89683532714844,230.25999450683594,447.2704162597656,553.1168212890625
2024-12-12,247.36329650878906,228.97000122070312,447.83819580078125,550.2647094726562
2024-12-13,247.5328826904297,227.4600067138672,445.5569763183594,550.2250366210938
2024-12-16,250.43588256835938,232.92999267578125,449.8604431152344,552.3838500976562
2024-12-17,252.8699951171875,231.14999389648438,452.7194519042969,550.066650390625
2024-12-18,247.4530792236328,220.52000427246094,435.71484375,533.9146728515625
2024-12-19,249.1888885498047,223.2899932861328,435.356201171875,533.7166137695312
2024-12-20,253.87759399414062,224.9199981689453,434.9278564453125,539.7574462890625
2024-12-23,254.6557159423828,225.05999755859375,433.5830383300781,543.6211547851562
2024-12-24,257.57867431640625,229.0500030517578,437.6473693847656,549.2144165039062
2024-12-26,258.39666748046875,227.0500030517578,436.43206787109375,549.2044067382812
2024-12-27,254.9749298095703,223.75,428.881103515625,543.5118408203125
2024-12-30,251.59307861328125,221.3000030517578,423.2029113769531,537.4614868164062
