Date,HOOD,NVDA,ORCL,PLTR,VOO
2024-01-02,12.369999885559082,48.14657211303711,101.96702575683594,16.579999923706055,425.58294677734375
2024-01-03,11.789999961853027,47.5478401184082,100.39921569824219,16.09000015258789,422.42547607421875
2024-01-04,11.979999542236328,47.97665023803711,100.52659606933594,16.25,421.09185791015625
2024-01-05,11.890000343322754,49.075157165527344,100.66378021240234,15.979999542236328,421.6311950683594
2024-01-08,12.420000076293945,52.22975540161133,102.55496215820312,16.670000076293945,427.6617736816406
2024-01-09,12.199999809265137,53.116363525390625,101.5456771850586,16.389999389648438,426.622314453125
2024-01-10,12.140000343322754,54.32582092285156,102.22441864013672,16.790000915527344,429.4366455078125
2024-01-11,11.710000038146973,54.79761505126953,103.060546875,16.68000030517578,429.28955078125
2024-01-12,11.020000457763672,54.6856575012207,104.8606948852539,16.760000228881836,429.4856262207031
2024-01-16,10.930000305175781,56.3569221496582,104.8311767578125,16.530000686645508,428.02459716796875
2024-01-17,10.649999618530273,56.02806854248047,104.69346618652344,16.389999389648438,425.6417541503906
2024-01-18,10.670000076293945,57.08160400390625,106.92642211914062,16.399999618530273,429.42681884765625
2024-01-19,10.710000038146973,59.46453857421875,107.88060760498047,16.780000686645508,434.6827697753906
2024-01-22,10.989999771118164,59.627464294433594,108.30358123779297,17.600000381469727,435.673095703125
2024-01-23,10.949999809265137,59.846370697021484,110.00536346435547,17.329999923706055,436.9674987792969
2024-01-24,10.8100004196167,61.3347053527832,112.44490051269531,16.75,437.3302917480469
2024-01-25,10.699999809265137,61.58959197998047,113.12364196777344,16.459999084472656,439.7915954589844
2024-01-26,10.789999961853027,61.00385284423828,112.76951599121094,16.350000381469727,439.5268249511719
2024-01-29,11.3100004196167,62.43721389770508,111.89402770996094,17.09000015258789,442.7235107421875
2024-01-30,11.010000228881836,62.74607467651367,112.29736328125,16.739999771118164,442.4097595214844
2024-01-31,10.739999771118164,61.4996337890625,109.87747955322266,16.09000015258789,435.20245361328125
2024-02-01,10.90999984741211,62.998966217041016,113.64500427246094,16.329999923706055,440.9290771484375
2024-02-02,10.920000076293945,66.13057708740234,113.9007568359375,17.020000457763672,445.4593505859375
2024-02-05,10.5600004196167,69.3011703491211,114.49095916748047,16.719999313354492,443.83160400390625
2024-02-06,10.779999732971191,68.19265747070312,113.41874694824219,21.8700008392334,445.2142028808594
2024-02-07,11.0,70.06781768798828,115.35659790039062,23.600000381469727,448.87176513671875
2024-02-08,11.220000267028809,69.61001586914062,114.77622985839844,24.510000228881836,449.17578125
2024-02-09,11.550000190734863,72.1009292602539,114.73688507080078,24.3799991607666,451.72528076171875
2024-02-12,12.010000228881836,72.21586608886719,113.94993591308594,25.049999237060547,451.5193176269531
2024-02-13,11.84000015258789,72.0959243774414,111.82518005371094,24.010000228881836,445.1553955078125
2024-02-14,13.380000114440918,73.86714172363281,112.39571380615234,25.190000534057617,449.3914794921875
2024-02-15,13.420000076293945,72.62567138671875,110.93985748291016,25.40999984741211,452.4313049316406
2024-02-16,14.0,72.58069610595703,109.49385070800781,24.440000534057617,450.11712646484375
2024-02-20,14.09000015258789,69.42111206054688,106.68050384521484,23.399999618530273,447.64605712890625
2024-02-21,13.59000015258789,67.4419937133789,106.39523315429688,22.739999771118164,448.0970764160156
2024-02-22,13.970000267028809,78.5030746459961,109.19873809814453,23.59000015258789,457.5107116699219
2024-02-23,14.479999542236328,78.78193664550781,110.12339782714844,22.969999313354492,457.7165832519531
2024-02-26,15.59000015258789,79.05682373046875,109.1594009399414,23.559999465942383,456.0398254394531
2024-02-27,16.25,78.6659927368164,109.56269836425781,24.530000686645508,456.8831481933594
2024-02-28,16.1299991607666,77.62845611572266,109.8578109741211,24.420000076293945,456.1770935058594
2024-02-29,16.309999465942383,79.07682037353516,109.8578109741211,25.079999923706055,457.8637390136719
2024-03-01,16.579999923706055,82.24240112304688,111.92354583740234,24.93000030517578,462.2763366699219
2024-03-04,16.6299991607666,85.19908142089844,112.19895935058594,24.040000915527344,461.7272033691406
2024-03-05,15.930000305175781,85.92979431152344,109.12989807128906,23.809999465942383,457.098876953125
2024-03-06,16.399999618530273,88.66470336914062,110.43817901611328,26.15999984741211,459.52093505859375
2024-03-07,16.360000610351562,92.63212585449219,112.671142578125,26.459999084472656,464.07080078125
2024-03-08,17.0,87.49317169189453,110.58572387695312,26.040000915527344,461.25653076171875
2024-03-11,16.860000610351562,85.73986053466797,112.26783752441406,25.350000381469727,460.8741455078125
2024-03-12,16.389999389648438,91.87643432617188,125.45903778076172,24.700000762939453,465.8064270019531
2024-03-13,17.15999984741211,90.85183715820312,123.47199249267578,25.0,465.1004333496094
2024-03-14,18.049999237060547,87.90900421142578,123.48182678222656,24.43000030517578,464.0805969238281
2024-03-15,18.149999618530273,87.80204772949219,123.49166870117188,23.489999771118164,460.88397216796875
2024-03-18,18.209999084472656,88.4197998046875,125.71479034423828,24.0,463.766845703125
2024-03-19,17.239999771118164,89.36243438720703,127.08212280273438,23.799999237060547,466.3653869628906
2024-03-20,18.559999465942383,90.33604431152344,127.13130187988281,24.56999969482422,470.434814453125
2024-03-21,19.09000015258789,91.39861297607422,126.90503692626953,24.489999771118164,472.00372314453125
2024-03-22,18.299999237060547,94.2514877319336,125.7049560546875,24.18000030517578,471.38690185546875
2024-03-25,19.079999923706055,94.96418762207031,124.02286529541016,24.510000228881836,470.1671142578125
2024-03-26,19.280000686645508,92.524169921875,124.406494140625,24.889999389648438,468.8489074707031
2024-03-27,20.010000228881836,90.2140884399414,123.22607421875,24.510000228881836,472.9412536621094
2024-03-28,20.1299991607666,90.3200454711914,123.5605239868164,23.010000228881836,472.8822326660156
2024-04-01,19.40999984741211,90.32704162597656,123.43265533447266,22.860000610351562,472.2624816894531
2024-04-02,19.200000762939453,89.4164047241211,122.31124877929688,22.719999313354492,469.1734924316406
2024-04-03,19.209999084472656,88.92859649658203,124.18024444580078,22.700000762939453,469.59649658203125
2024-04-04,18.450000762939453,85.87081146240234,122.16368103027344,22.479999542236328,463.8121643066406
2024-04-05,18.399999618530273,87.97297668457031,122.86210632324219,22.959999084472656,468.74066162109375
2024-04-08,18.559999465942383,87.09832763671875,122.32107543945312,23.0,468.9276123046875
2024-04-09,18.299999237060547,85.32002258300781,121.61055755615234,22.809999465942383,469.5079650878906
2024-04-10,18.34000015258789,87.00436401367188,120.14999389648438,22.420000076293945,464.963134765625
2024-04-11,19.0,90.57994079589844,121.62041473388672,22.84000015258789,468.3176574707031
2024-04-12,17.969999313354492,88.1509017944336,119.51840209960938,22.670000076293945,461.9332275390625
2024-04-15,17.190000534057617,85.9667739868164,118.3045654296875,21.899999618530273,456.07012939453125
2024-04-16,17.309999465942383,87.3802261352539,119.03484344482422,21.8799991607666,455.2536315917969
2024-04-17,17.079999923706055,84.0015640258789,117.1104736328125,21.309999465942383,452.5090026855469
2024-04-18,17.079999923706055,84.6373062133789,114.4755630493164,21.1299991607666,451.4761047363281
2024-04-19,16.6299991607666,76.16968536376953,113.37027740478516,20.469999313354492,447.69854736328125
2024-04-22,17.190000534057617,79.48635864257812,113.0248794555664,20.969999313354492,451.5843200683594
2024-04-23,17.6200008392334,82.39020538330078,113.5775146484375,21.639999389648438,457.2801208496094
2024-04-24,17.309999465942383,79.64529418945312,113.82422637939453,21.59000015258789,456.9456787109375
2024-04-25,17.1200008392334,82.59912872314453,113.3801498413086,21.709999084472656,455.056884765625
2024-04-26,17.8799991607666,87.7000961303711,115.66966247558594,22.520000457763672,459.61163330078125
2024-04-29,17.34000015258789,87.72207641601562,114.95912170410156,22.829999923706055,461.2150573730469
2024-04-30,16.489999771118164,86.36762237548828,112.25511932373047,21.969999313354492,453.92559814453125
2024-05-01,16.649999618530273,83.00794982910156,113.12356567382812,22.1200008392334,452.4499816894531
2024-05-02,17.610000610351562,85.78285217285156,113.44923400878906,22.549999237060547,456.6701965332031
2024-05-03,17.950000762939453,88.75366973876953,114.27820587158203,23.329999923706055,462.3365478515625
2024-05-06,17.780000686645508,92.10334014892578,116.7848129272461,25.209999084472656,466.9994812011719
2024-05-07,17.989999771118164,90.5179672241211,116.38019561767578,21.399999618530273,467.66839599609375
2024-05-08,17.850000381469727,90.37602233886719,115.84729766845703,21.559999465942383,467.68804931640625
2024-05-09,17.299999237060547,88.7116928100586,115.1071548461914,21.139999389648438,470.3736877441406
2024-05-10,16.229999542236328,89.84223175048828,115.13675689697266,20.600000381469727,470.95404052734375
2024-05-13,16.889999389648438,90.363037109375,114.8406982421875,20.940000534057617,470.9835510253906
2024-05-14,18.020000457763672,91.31965637207031,119.28157043457031,21.440000534057617,473.2167053222656
2024-05-15,18.520000457763672,94.59233856201172,120.03156280517578,21.670000076293945,478.9813537597656
2024-05-16,17.899999618530273,94.32144927978516,120.55461120605469,21.649999618530273,478.0664978027344
2024-05-17,20.09000015258789,92.44219970703125,121.87700653076172,21.760000228881836,478.7747802734375
2024-05-20,20.84000015258789,94.74227905273438,122.88358306884766,21.6200008392334,479.2469787597656
2024-05-21,20.959999084472656,95.34805297851562,122.99214172363281,21.239999771118164,480.53570556640625
2024-05-22,19.65999984741211,94.91222381591797,122.9625473022461,21.170000076293945,479.1387634277344
2024-05-23,19.239999771118164,103.75769805908203,122.45924377441406,20.719999313354492,475.57763671875
2024-05-24,20.510000228881836,106.4266357421875,121.29475402832031,21.010000228881836,478.8141784667969
2024-05-28,20.469999313354492,113.85566711425781,122.8539810180664,21.049999237060547,479.1977844238281
2024-05-29,21.084999084472656,114.77930450439453,122.11384582519531,20.940000534057617,475.82354736328125
2024-05-30,21.84000015258789,110.45602416992188,115.55122375488281,21.729999542236328,472.6264343261719
2024-05-31,20.899999618530273,109.5893783569336,115.6499252319336,21.68000030517578,476.73846435546875
2024-06-03,21.280000686645508,114.95423126220703,117.71245574951172,21.31999969482422,477.2597961425781
2024-06-04,20.780000686645508,116.39067077636719,118.49207305908203,22.100000381469727,477.8402404785156
2024-06-05,21.56999969482422,122.39127349853516,121.01842498779297,22.959999084472656,483.55572509765625
2024-06-06,22.969999313354492,120.9498519897461,121.87700653076172,23.790000915527344,483.4475402832031
2024-06-07,22.18000030517578,120.83989715576172,124.26519775390625,23.309999465942383,482.81793212890625
2024-06-10,23.420000076293945,121.74153900146484,122.86386108398438,23.1299991607666,484.4017639160156
2024-06-11,23.219999313354492,120.87181854248047,122.25200653076172,23.850000381469727,485.5035400390625
2024-06-12,23.700000762939453,125.16045379638672,138.53515625,23.770000457763672,489.5467224121094
2024-06-13,23.309999465942383,129.56906127929688,138.01214599609375,23.270000457763672,490.47137451171875
2024-06-14,22.420000076293945,131.83836364746094,136.3147430419922,23.56999969482422,490.8648986816406
2024-06-17,22.25,130.9386444091797,139.45294189453125,25.020000457763672,494.7605285644531
2024-06-18,21.860000610351562,135.5371856689453,142.7391815185547,25.81999969482422,496.07867431640625
2024-06-20,21.729999542236328,130.7386932373047,141.0319366455078,25.559999465942383,494.7015075683594
2024-06-21,22.290000915527344,126.530029296875,139.64044189453125,23.84000015258789,493.619384765625
2024-06-24,21.3700008392334,118.07270050048828,138.05160522460938,24.15999984741211,492.2912902832031
2024-06-25,22.139999389648438,126.0501708984375,137.341064453125,24.559999465942383,494.3374938964844
2024-06-26,22.309999465942383,126.36009216308594,136.41342163085938,24.100000381469727,494.8883972167969
2024-06-27,22.59000015258789,123.95084381103516,138.33778381347656,25.219999313354492,495.6557312011719
2024-06-28,22.709999084472656,123.50098419189453,139.34439086914062,25.329999923706055,493.74444580078125
2024-07-01,22.790000915527344,124.26074981689453,141.20956420898438,25.8799991607666,494.8797912597656
2024-07-02,22.459999084472656,122.63126373291016,141.39703369140625,25.829999923706055,498.0882568359375
2024-07-03,22.889999389648438,128.23948669433594,142.4826202392578,25.850000381469727,500.3391418457031
2024-07-05,22.68000030517578,125.7902603149414,142.92666625976562,27.229999542236328,503.3304748535156
2024-07-08,22.09000015258789,128.1595001220703,143.12405395507812,27.700000762939453,503.814208984375
2024-07-09,22.600000381469727,131.33851623535156,138.8312225341797,27.389999389648438,504.3670959472656
2024-07-10,22.31999969482422,134.86740112304688,140.20297241210938,28.420000076293945,509.2242126464844
2024-07-11,22.040000915527344,127.35977935791016,141.2816619873047,27.639999389648438,504.86065673828125
2024-07-12,22.280000686645508,129.19918823242188,143.27085876464844,28.06999969482422,507.98028564453125
2024-07-15,23.940000534057617,128.39944458007812,141.5884552001953,28.670000076293945,509.5203857421875
2024-07-16,24.6299991607666,126.3200912475586,141.1332244873047,28.670000076293945,512.4129028320312
2024-07-17,24.18000030517578,117.95272827148438,137.81790161132812,28.219999313354492,505.2555847167969
2024-07-18,22.829999923706055,121.05175018310547,136.6006317138672,28.639999389648438,501.4547119140625
2024-07-19,23.40999984741211,117.89276123046875,137.1251678466797,28.579999923706055,498.10797119140625
2024-07-22,23.420000076293945,123.50098419189453,138.718505859375,28.459999084472656,503.2810974121094
2024-07-23,22.8700008392334,122.55128479003906,141.62803649902344,28.809999465942383,502.44195556640625
2024-07-24,21.40999984741211,114.21391296386719,137.33297729492188,26.600000381469727,490.9407043457031
2024-07-25,21.18000030517578,112.24453735351562,136.392822265625,26.6299991607666,488.4627685546875
2024-07-26,21.200000762939453,113.02428436279297,137.5704803466797,27.18000030517578,493.9418640136719
2024-07-29,21.18000030517578,111.55475616455078,136.8777313232422,27.079999923706055,494.3071594238281
2024-07-30,20.399999618530273,103.6972427368164,134.26507568359375,26.3700008392334,491.7205810546875
2024-07-31,20.56999969482422,116.98303985595703,138.0059356689453,26.889999389648438,499.4703369140625
2024-08-01,20.239999771118164,109.1755142211914,136.08602905273438,26.079999923706055,492.658447265625
2024-08-02,17.8799991607666,107.23611450195312,131.89984130859375,24.739999771118164,483.6549072265625
2024-08-05,16.420000076293945,100.41827392578125,126.53596496582031,24.09000015258789,469.1327209472656
2024-08-06,17.209999084472656,104.21707916259766,126.8823471069336,26.59000015258789,473.8122253417969
2024-08-07,17.1200008392334,98.87876892089844,124.59626007080078,26.31999969482422,470.52471923828125
2024-08-08,17.729999542236328,104.93685150146484,127.62458038330078,29.280000686645508,481.5027770996094
2024-08-09,17.920000076293945,104.71692657470703,130.69247436523438,30.010000228881836,483.5660705566406
2024-08-12,18.540000915527344,108.98556518554688,131.20709228515625,29.3799991607666,483.8128967285156
2024-08-13,18.40999984741211,116.10331726074219,132.86968994140625,30.389999389648438,491.84893798828125
2024-08-14,18.649999618530273,118.04270935058594,134.19581604003906,31.0,493.4186096191406
2024-08-15,19.549999237060547,122.82120513916016,135.51202392578125,31.219999313354492,501.88909912109375
2024-08-16,19.979999542236328,124.54065704345703,136.04644775390625,32.08000183105469,502.94549560546875
2024-08-19,20.280000686645508,129.9589385986328,136.49179077148438,32.5,507.7828063964844
2024-08-20,19.829999923706055,127.20980834960938,137.7288360595703,32.31999969482422,506.9437255859375
2024-08-21,20.18000030517578,128.4594268798828,138.7481689453125,32.540000915527344,508.7207336425781
2024-08-22,19.889999389648438,123.700927734375,136.65013122558594,31.920000076293945,504.60400390625
2024-08-23,21.1200008392334,129.32913208007812,137.74862670898438,31.780000686645508,510.0633544921875
2024-08-26,20.959999084472656,126.42005920410156,137.4616241455078,30.850000381469727,508.80963134765625
2024-08-27,21.360000610351562,128.25949096679688,137.0459747314453,30.84000015258789,509.49078369140625
2024-08-28,20.31999969482422,125.5703353881836,136.4521942138672,30.360000610351562,506.57843017578125
2024-08-29,20.170000076293945,117.55286407470703,137.97625732421875,31.0,506.6574401855469
2024-08-30,20.1200008392334,119.33230590820312,139.82687377929688,31.479999542236328,511.4257507324219
2024-09-03,19.3700008392334,107.96588897705078,138.055419921875,30.510000228881836,501.07958984375
2024-09-04,19.110000610351562,106.17645263671875,139.29246520996094,30.59000015258789,499.83563232421875
2024-09-05,19.670000076293945,107.17613983154297,141.1332244873047,30.15999984741211,498.6015930175781
2024-09-06,18.940000534057617,102.79752349853516,140.3414764404297,30.329999923706055,490.29901123046875
2024-09-09,19.65999984741211,106.4363784790039,138.44139099121094,34.599998474121094,495.817626953125
2024-09-10,19.700000762939453,108.06585693359375,154.27569580078125,34.7599983215332,497.8611755371094
2024-09-11,20.639999389648438,116.87307739257812,155.55233764648438,34.849998474121094,502.9553527832031
2024-09-12,21.639999389648438,119.11256408691406,159.7088623046875,34.90999984741211,507.2793884277344
2024-09-13,22.06999969482422,119.07256317138672,160.3521270751953,35.59000015258789,509.97454833984375
2024-09-16,22.209999084472656,116.75309753417969,168.566162109375,36.310001373291016,510.74456787109375
2024-09-17,22.639999389648438,115.5633773803711,165.73577880859375,36.45000076293945,510.9815673828125
2024-09-18,22.950000762939453,113.3438949584961,162.82623291015625,36.380001068115234,509.3228759765625
2024-09-19,22.809999465942383,117.84284973144531,165.8545379638672,36.83000183105469,518.2080078125
2024-09-20,22.729999542236328,115.97328186035156,166.2602996826172,37.20000076293945,517.1912231445312
2024-09-23,22.700000762939453,116.23323059082031,164.23150634765625,37.95000076293945,518.4647216796875
2024-09-24,22.770000457763672,120.8421630859375,164.08306884765625,36.900001525878906,519.9554443359375
2024-09-25,22.389999389648438,123.48155975341797,164.55810546875,37.119998931884766,518.8990478515625
2024-09-26,22.43000030517578,124.01143646240234,166.3592529296875,37.099998474121094,520.9624633789062
2024-09-27,23.889999389648438,121.3720474243164,166.9926300048828,36.84000015258789,520.2880249023438
2024-09-30,23.420000076293945,121.41203308105469,168.63543701171875,37.20000076293945,522.5557861328125
2024-10-01,22.329999923706055,116.97305297851562,165.42898559570312,36.459999084472656,517.673583984375
2024-10-02,22.6299991607666,118.82262420654297,165.97329711914062,37.4900016784668,517.7627563476562
2024-10-03,22.43000030517578,122.82170867919922,165.13209533691406,39.2400016784668,516.7822875976562
2024-10-04,22.889999389648438,124.89122772216797,169.09066772460938,40.0099983215332,521.5457153320312
2024-10-07,23.31999969482422,127.69059753417969,168.20989990234375,38.88999938964844,516.8516845703125
2024-10-08,25.610000610351562,132.85939025878906,172.5643310546875,41.45000076293945,521.7437133789062
2024-10-09,25.649999618530273,132.61944580078125,176.4437255859375,43.130001068115234,525.3088989257812
2024-10-10,25.5,134.77896118164062,173.98390197753906,43.52000045776367,524.427490234375
2024-10-11,26.270000457763672,134.7689666748047,174.3409881591797,43.5099983215332,527.5469970703125
2024-10-14,27.0,138.03822326660156,174.68812561035156,43.400001525878906,531.8646850585938
2024-10-15,26.799999237060547,131.5697021484375,172.67462158203125,42.43000030517578,527.8143310546875
2024-10-16,26.93000030517578,135.68873596191406,173.34910583496094,41.93000030517578,530.0325927734375
2024-10-17,26.31999969482422,136.89846801757812,174.25169372558594,42.0,530.1118774414062
2024-10-18,26.829999923706055,137.9682159423828,173.26974487304688,42.970001220703125,532.1519165039062
2024-10-21,26.969999313354492,143.67691040039062,172.34730529785156,42.70000076293945,531.3300170898438
2024-10-22,27.40999984741211,143.55694580078125,173.88470458984375,42.939998626708984,530.9635009765625
2024-10-23,26.700000762939453,139.52786254882812,171.69268798828125,42.59000015258789,526.1209716796875
2024-10-24,27.219999313354492,140.37767028808594,172.9622802734375,43.560001373291016,527.309326171875
2024-10-25,27.059999465942383,141.5074005126953,172.1092529296875,44.86000061035156,527.1013793945312
2024-10-28,27.8799991607666,140.48764038085938,171.01820373535156,44.970001220703125,528.7452392578125
2024-10-29,28.030000686645508,141.21746826171875,172.01998901367188,44.93000030517578,529.5870971679688
2024-10-30,28.209999084472656,139.3079071044922,173.14080810546875,43.689998626708984,527.9926147460938
2024-10-31,23.489999771118164,132.72943115234375,166.47544860839844,41.560001373291016,517.6043090820312
2024-11-01,23.969999313354492,135.3688201904297,168.63772583007812,41.91999816894531,519.852294921875
2024-11-04,24.31999969482422,136.0186767578125,168.21121215820312,41.40999984741211,518.7233276367188
2024-11-05,24.959999084472656,139.87777709960938,170.38340759277344,51.130001068115234,524.9622802734375
2024-11-06,29.860000610351562,145.57644653320312,179.76651000976562,55.529998779296875,538.0343017578125
2024-11-07,29.360000610351562,148.84573364257812,184.8547821044922,55.880001068115234,542.2233276367188
2024-11-08,30.540000915527344,147.5959930419922,187.7113800048828,58.38999938964844,544.619873046875
2024-11-11,32.79999923706055,145.22654724121094,187.59234619140625,60.2400016784668,545.0656127929688
2024-11-12,33.0,148.25582885742188,188.0386962890625,59.849998474121094,543.4315185546875
2024-11-13,31.90999984741211,146.23631286621094,188.08828735351562,60.70000076293945,543.7088012695312
2024-11-14,32.220001220703125,146.7261962890625,185.5292510986328,59.18000030517578,540.2526245117188
2024-11-15,32.31999969482422,141.94729614257812,182.2461700439453,65.7699966430664,533.2808227539062
2024-11-18,35.0,140.11770629882812,184.21998596191406,61.2599983215332,535.4891967773438
2024-11-19,35.2400016784668,146.97613525390625,187.3642120361328,62.97999954223633,537.440185546875
2024-11-20,36.08000183105469,145.8563995361328,189.1991729736328,62.119998931884766,537.63818359375
2024-11-21,35.09000015258789,146.63623046875,190.8655242919922,61.36000061035156,540.3516845703125
2024-11-22,36.650001525878906,141.9173126220703,190.72665405273438,64.3499984741211,542.1638793945312
2024-11-25,37.849998474121094,135.98867797851562,186.4616241455078,64.6500015258789,543.9068603515625
2024-11-26,36.41999816894531,136.8884735107422,188.822265625,65.73999786376953,546.95703125
2024-11-27,37.650001525878906,135.30882263183594,181.21463012695312,66.05000305175781,545.2140502929688
2024-11-29,37.540000915527344,138.21817016601562,183.3372344970703,67.08000183105469,548.0859985351562
2024-12-02,37.619998931884766,138.59808349609375,179.93511962890625,66.38999938964844,549.630859375
2024-12-03,38.63999938964844,140.2277069091797,181.403076171875,70.95999908447266,549.7595825195312
2024-12-04,40.0,145.10658264160156,186.6599884033203,69.8499984741211,553.2256469726562
2024-12-05,38.91999816894531,145.03659057617188,184.72586059570312,71.87000274658203,552.3047485351562
2024-12-06,41.66999816894531,142.41702270507812,190.1315460205078,76.33999633789062,553.4039306640625
2024-12-09,39.540000915527344,138.78758239746094,188.901611328125,72.45999908447266,550.5221557617188
2024-12-10,37.36000061035156,135.04820251464844,176.29495239257812,70.88999938964844,548.9574584960938
2024-12-11,37.84000015258789,139.28750610351562,177.1281280517578,72.51000213623047,553.1167602539062
2024-12-12,39.33000183105469,137.3178253173828,173.89463806152344,73.19999694824219,550.2647094726562
2024-12-13,40.20000076293945,134.22833251953125,171.98033142089844,76.06999969482422,550.2250366210938
2024-12-16,43.20000076293945,131.9786834716797,169.83787536621094,75.75,552.3839111328125
2024-12-17,41.630001068115234,130.36895751953125,168.3302459716797,74.38999938964844,550.0665893554688
2024-12-18,37.08000183105469,128.88919067382812,164.06520080566406,71.51000213623047,533.9146728515625
2024-12-19,36.939998626708984,130.6588897705078,167.417724609375,74.20999908447266,533.7166748046875
2024-12-20,38.33000183105469,134.67825317382812,168.28065490722656,80.55000305175781,539.7574462890625
2024-12-23,37.5,139.64744567871094,167.76487731933594,80.69000244140625,543.6211547851562
2024-12-24,39.58000183105469,140.19737243652344,170.01641845703125,82.37999725341797,549.2144165039062
2024-12-26,40.380001068115234,139.90740966796875,170.28421020507812,82.13999938964844,549.2044067382812
2024-12-27,39.02000045776367,136.9878692626953,167.5863494873047,79.08000183105469,543.5118408203125
2024-12-30,38.279998779296875,137.46780395507812,165.55300903320312,77.18000030517578,537.4614868164062
2024-12-31,37.2599983215332,134.26832580566406,165.2852020263672,75.62999725341797,535.2957763671875
2025-01-02,39.439998626708984,138.2876739501953,164.68016052246094,75.19000244140625,533.95458984375
2025-01-03,41.349998474121094,144.44668579101562,164.9678192138672,79.88999938964844,540.8493041992188
2025-01-06,42.709999084472656,149.40586853027344,164.34292602539062,75.91999816894531,543.9986572265625
2025-01-07,40.560001373291016,140.11737060546875,160.71267700195312,69.98999786376953,537.8787841796875
2025-01-08,40.810001373291016,140.08738708496094,161.81365966796875,68.2300033569336,538.6040649414062
2025-01-10,40.08000183105469,135.88807678222656,153.62057495117188,67.26000213623047,530.4078369140625
2025-01-13,39.59000015258789,133.20849609375,153.04385375976562,64.9800033569336,531.0933227539062
2025-01-14,41.7599983215332,131.7387237548828,155.42025756835938,65.91000366210938,531.7689208984375
2025-01-15,45.560001373291016,136.218017578125,157.40887451171875,68.13999938964844,541.4950561523438
2025-01-16,46.08000183105469,133.54844665527344,158.63186645507812,69.23999786376953,540.6903686523438
2025-01-17,48.150001525878906,137.68777465820312,160.11338806152344,71.7699966430664,545.8763427734375
2025-01-21,50.0,140.80726623535156,171.5877227783203,73.06999969482422,550.8436889648438
2025-01-22,50.15999984741211,147.04627990722656,183.17140197753906,76.87000274658203,553.97314453125
2025-01-23,50.36000061035156,147.1962432861328,185.40858459472656,78.9800033569336,557.0430297851562
2025-01-24,51.119998931884766,142.5969696044922,182.554931640625,78.9800033569336,555.364013671875
2025-01-27,47.7400016784668,118.40088653564453,157.37904357910156,75.44000244140625,547.634765625
2025-01-28,49.400001525878906,128.9691925048828,163.0664825439453,80.2300033569336,552.224609375
2025-01-29,51.150001525878906,123.6800308227539,161.09776306152344,79.76000213623047,549.8004760742188
2025-01-30,53.0,124.62987518310547,169.41017150878906,81.22000122070312,552.6716918945312
2025-01-31,51.95000076293945,120.05062103271484,169.09197998046875,82.48999786376953,549.7210693359375
2025-02-03,51.900001525878906,116.64117431640625,167.6403045654297,83.73999786376953,546.11474609375
2025-02-04,52.58000183105469,118.63085174560547,166.93434143066406,103.83000183105469,549.7409057617188
2025-02-05,54.20000076293945,124.80985260009766,170.68289184570312,101.36000061035156,551.99609375
2025-02-06,53.16999816894531,128.65921020507812,171.36895751953125,111.27999877929688,553.9830932617188
2025-02-07,55.86000061035156,129.81903076171875,173.46694946289062,110.8499984741211,548.5984497070312
2025-02-10,56.27000045776367,133.54844665527344,177.90155029296875,116.6500015258789,552.522705078125
2025-02-11,53.34000015258789,132.77857971191406,176.18141174316406,112.62000274658203,553.0194091796875
2025-02-12,55.90999984741211,131.11883544921875,171.2397003173828,117.38999938964844,551.19140625
2025-02-13,63.79999923706055,135.26815795898438,172.870361328125,117.91000366210938,557.0131225585938
2025-02-14,65.27999877929688,138.8275909423828,173.1686553955078,119.16000366210938,557.0330200195312
2025-02-18,60.439998626708984,139.37750244140625,178.77655029296875,124.62000274658203,558.6425170898438
2025-02-19,59.22999954223633,139.20751953125,180.4867706298828,112.05999755859375,559.99365234375
2025-02-20,56.060001373291016,140.08738708496094,174.99818420410156,106.2699966430664,557.6390991210938
2025-02-21,51.599998474121094,134.40829467773438,166.85479736328125,101.3499984741211,548.1513671875
2025-02-24,49.93000030517578,130.25897216796875,168.99256896972656,90.68000030517578,545.5584106445312
2025-02-25,45.91999816894531,126.60955810546875,167.5806427001953,87.83999633789062,542.84619140625
2025-02-26,48.849998474121094,131.25881958007812,171.48826599121094,89.30999755859375,543.1839599609375
2025-02-27,48.779998779296875,120.13060760498047,163.82215881347656,84.7699966430664,534.461181640625
2025-02-28,50.099998474121094,124.89983367919922,165.11476135253906,84.91999816894531,542.7667236328125
2025-03-03,46.88999938964844,114.04158782958984,161.09776306152344,83.41999816894531,533.4180908203125
2025-03-04,46.220001220703125,115.97127532958984,156.5736541748047,84.4000015258789,526.9902954101562
2025-03-05,48.119998931884766,117.28106689453125,160.64036560058594,90.12999725341797,532.9014892578125
2025-03-06,44.84000015258789,110.55215454101562,150.08082580566406,80.45999908447266,523.2349243164062
2025-03-07,44.41999816894531,112.67181396484375,154.2768096923828,84.91000366210938,526.056396484375
2025-03-10,35.630001068115234,106.96273040771484,147.94305419921875,76.37999725341797,512.1477661132812
2025-03-11,36.36000061035156,108.74244689941406,143.3592987060547,78.05000305175781,507.9453430175781
2025-03-12,38.91999816894531,115.73196411132812,150.03111267089844,83.6500015258789,510.4091796875
2025-03-13,36.02000045776367,115.57197570800781,146.8195037841797,79.62000274658203,503.7428894042969
2025-03-14,39.2400016784668,121.66155242919922,148.4203338623047,86.23999786376953,514.0850219726562
2025-03-17,42.02000045776367,119.52169799804688,153.1333465576172,87.3499984741211,518.0092163085938
2025-03-18,40.099998474121094,115.42198181152344,148.59930419921875,83.88999938964844,512.5451049804688
2025-03-19,42.79999923706055,117.51183319091797,151.58221435546875,86.0999984741211,517.9297485351562
2025-03-20,43.65999984741211,118.52176666259766,151.85069274902344,87.38999938964844,516.7376098632812
2025-03-21,44.36000061035156,117.69182586669922,151.3634796142578,90.95999908447266,516.8667602539062
2025-03-24,48.36000061035156,121.40157318115234,153.9884490966797,96.75,525.9371948242188
2025-03-25,48.150001525878906,120.68162536621094,153.05380249023438,96.5,527.1890258789062
2025-03-26,44.72999954223633,113.75210571289062,146.95870971679688,92.27999877929688,521.0393676757812
2025-03-27,43.9900016784668,111.4222640991211,144.9501953125,90.08999633789062,519.6058349609375
2025-03-28,41.91999816894531,109.66238403320312,140.06814575195312,85.8499984741211,509.2278137207031
2025-03-31,41.619998931884766,108.37247467041016,139.01417541503906,84.4000015258789,512.3282470703125
2025-04-01,42.15999984741211,110.14234924316406,141.13206481933594,84.68000030517578,514.21240234375
2025-04-02,42.68000030517578,110.4123306274414,145.0297393798828,87.44999694824219,517.3128662109375
2025-04-03,38.2599983215332,101.79293060302734,136.4488525390625,83.5999984741211,492.6390380859375
2025-04-04,34.5099983215332,94.30345153808594,127.53987121582031,74.01000213623047,464.0871887207031
2025-04-07,35.40999984741211,97.63321685791016,126.43618774414062,77.83999633789062,462.1332092285156
2025-04-08,34.16999816894531,96.29331970214844,123.79132843017578,77.31999969482422,455.3341979980469
2025-04-09,42.209999084472656,114.32205963134766,138.89486694335938,92.01000213623047,497.5638427734375
2025-04-10,40.5099983215332,107.56253051757812,133.0672607421875,88.58999633789062,480.5762939453125
2025-04-11,43.68000030517578,110.92229461669922,132.0693817138672,88.55000305175781,489.0401306152344
2025-04-14,44.13999938964844,110.70230865478516,134.35450744628906,92.62000274658203,493.9549865722656
2025-04-15,44.08000183105469,112.19220733642578,133.656005859375,98.4000015258789,492.5692443847656
2025-04-16,40.65999984741211,104.48274230957031,129.48484802246094,92.70999908447266,481.7427062988281
2025-04-17,41.18000030517578,101.48294830322266,128.34727478027344,93.77999877929688,482.4106140136719
2025-04-21,39.849998474121094,96.90327453613281,122.55957794189453,90.80000305175781,470.9161071777344
2025-04-22,42.09000015258789,98.88313293457031,126.97019958496094,93.98999786376953,482.7994384765625
2025-04-23,44.65999984741211,102.70286560058594,131.1213836669922,100.81999969482422,490.55548095703125
2025-04-24,48.150001525878906,106.422607421875,137.21841430664062,107.77999877929688,500.8636474609375
2025-04-25,49.45000076293945,111.0022964477539,138.19635009765625,112.77999877929688,504.55224609375
2025-04-28,48.93000030517578,108.72245025634766,139.8428497314453,114.6500015258789,504.861328125
2025-04-29,49.369998931884766,109.0124282836914,140.49147033691406,116.08000183105469,507.9218444824219
2025-04-30,49.11000061035156,108.91243743896484,140.42161560058594,118.44000244140625,508.17108154296875
2025-05-01,46.619998931884766,111.60224914550781,145.1815185546875,116.19999694824219,511.76995849609375
2025-05-02,48.59000015258789,114.49205017089844,150.41038513183594,124.27999877929688,519.1073608398438
2025-05-05,48.04999923706055,113.81209564208984,148.97344970703125,123.7699966430664,516.3956909179688
2025-05-06,48.689998626708984,113.53211975097656,147.38681030273438,108.86000061035156,511.9992980957031
2025-05-07,49.9900016784668,117.05187225341797,149.0532684326172,110.4800033569336,514.3121337890625
2025-05-08,54.06999969482422,117.36185455322266,149.98130798339844,119.1500015258789,517.7415771484375
2025-05-09,54.650001525878906,116.64189910888672,150.02122497558594,117.30000305175781,517.0537109375
2025-05-12,57.43000030517578,122.99146270751953,156.8866424560547,118.45999908447266,534.2705078125
2025-05-13,62.56999969482422,129.9209747314453,161.92593383789062,128.10000610351562,537.7796630859375
2025-05-14,61.38999938964844,135.33059692382812,162.60447692871094,130.17999267578125,538.4475708007812
2025-05-15,60.68000030517578,134.8206329345703,159.06201171875,128.1199951171875,541.0894775390625
2025-05-16,61.7599983215332,135.39059448242188,160.1497039794922,129.52000427246094,544.5786743164062
2025-05-19,64.2699966430664,135.5605926513672,159.30149841308594,126.33000183105469,545.136962890625
2025-05-20,64.91000366210938,134.37066650390625,159.97007751464844,125.58999633789062,543.2029418945312
2025-05-21,63.86000061035156,131.7908477783203,156.84671020507812,120.58000183105469,534.1209716796875
2025-05-22,64.7699966430664,132.82078552246094,156.9764404296875,122.29000091552734,534.3702392578125
2025-05-23,63.16999816894531,131.2808837890625,155.6392822265625,123.30999755859375,530.7613525390625
2025-05-27,66.0199966430664,135.49058532714844,161.5666961669922,123.38999938964844,541.667724609375
2025-05-28,65.13999938964844,134.80064392089844,163.50257873535156,123.76000213623047,538.5772094726562
2025-05-29,63.95000076293945,139.1803436279297,162.55458068847656,122.31999969482422,540.6508178710938
2025-05-30,66.1500015258789,135.12062072753906,165.17901611328125,131.77999877929688,540.092529296875
2025-06-02,67.9800033569336,137.37046813964844,166.21681213378906,132.0399932861328,543.2327880859375
2025-06-03,71.72000122070312,141.21018981933594,168.78135681152344,133.1699981689453,546.3133544921875
2025-06-04,72.2699966430664,141.91014099121094,167.7435760498047,130.00999450683594,545.9644165039062
2025-06-05,72.51000213623047,139.98028564453125,170.77711486816406,119.91000366210938,543.4122924804688
2025-06-06,74.87999725341797,141.7101593017578,173.65101623535156,127.72000122070312,548.965087890625
2025-06-09,73.4000015258789,142.62010192871094,176.7743682861328,132.05999755859375,549.5533447265625
2025-06-10,72.51000213623047,143.95001220703125,177.10366821289062,132.80999755859375,552.6836547851562
2025-06-11,74.87999725341797,142.8300018310547,176.00601196289062,136.38999938964844,551.1583862304688
2025-06-12,73.83999633789062,145.0,199.43621826171875,135.19000244140625,553.241943359375
2025-06-13,72.5999984741211,141.97000122070312,214.76365661621094,137.39999389648438,547.0809936523438
2025-06-16,76.75,144.69000244140625,210.6523895263672,141.41000366210938,552.3646850585938
2025-06-17,74.94999694824219,144.1199951171875,207.7385711669922,138.1999969482422,547.6591796875
2025-06-18,78.3499984741211,145.47999572753906,210.42286682128906,139.9600067138672,547.5494995117188
2025-06-20,78.5,143.85000610351562,204.73495483398438,137.3000030517578,546.0341796875
2025-06-23,76.3499984741211,144.1699981689453,206.6009979248047,139.9199981689453,551.6567993164062
2025-06-24,82.01000213623047,147.89999389648438,214.8135528564453,143.22999572753906,557.7181396484375
2025-06-25,82.75,154.30999755859375,210.273193359375,142.89999389648438,557.9972534179688
2025-06-26,84.5199966430664,155.02000427246094,212.36874389648438,144.25,562.4136352539062
2025-06-27,83.02999877929688,157.75,209.79421997070312,130.74000549316406,565.2050170898438
2025-06-30,93.62999725341797,157.99000549316406,218.1664276123047,136.32000732421875,568.030029296875
2025-07-01,92.33000183105469,153.3000030517578,218.4957275390625,130.67999267578125,567.77001953125
2025-07-02,97.9800033569336,157.25,229.4923553466797,132.1199951171875,570.2899780273438
2025-07-03,94.4000015258789,159.33999633789062,236.81680297851562,134.36000061035156,575.219970703125
2025-07-07,93.45999908447266,158.24000549316406,231.76751708984375,139.1199951171875,570.6099853515625
2025-07-08,91.2699966430664,160.0,234.00277709960938,139.7100067138672,570.22998046875
2025-07-09,94.54000091552734,162.8800048828125,235.30999755859375,143.1300048828125,573.6099853515625
2025-07-10,98.69999694824219,164.10000610351562,235.0,142.5,575.2899780273438
2025-07-11,98.33999633789062,164.9199981689453,230.55999755859375,142.10000610351562,573.219970703125
2025-07-14,99.95999908447266,164.07000732421875,229.27999877929688,149.14999389648438,574.3499755859375
2025-07-15,99.54000091552734,170.6999969482422,234.9600067138672,148.5800018310547,571.8599853515625
2025-07-16,103.25,171.3699951171875,241.3000030517578,150.91000366210938,573.739990234375
2025-07-17,105.44999694824219,173.0,248.75,153.99000549316406,577.1799926757812
