date,0
2020-07-01,1.8189894035458565e-14
2020-07-02,6.512852139769293
2020-07-06,18.99078746159836
2020-07-07,20.150154220324094
2020-07-08,19.065581133307568
2020-07-09,21.75074611542559
2020-07-10,32.562369397546334
2020-07-13,28.374827205681573
2020-07-14,30.074015341496143
2020-07-15,31.761902372404567
2020-07-16,28.378557071179294
2020-07-17,28.340101821037493
2020-07-20,39.64081971456535
2020-07-21,33.89869691628219
2020-07-22,35.61059310154093
2020-07-23,29.22101475970998
2020-07-24,22.47251996331377
2020-07-27,31.662838411183987
2020-07-28,26.734338809384532
2020-07-29,28.734449535323403
2020-07-30,28.12064164110645
2020-07-31,24.42225254064033
2020-08-03,28.564611478072365
2020-08-04,29.030122020579785
2020-08-05,29.16875159946687
2020-08-06,29.613766864424523
2020-08-07,26.63401025486537
2020-08-10,24.08462368618775
2020-08-11,20.35557141841209
2020-08-12,34.19586934754841
2020-08-13,38.94644468057019
2020-08-14,41.16494301185637
2020-08-17,55.37377838483164
2020-08-18,59.40953000951987
2020-08-19,58.49346851183823
2020-08-20,67.46197718485261
2020-08-21,71.45712502226613
2020-08-24,69.00461431563618
2020-08-25,69.82032199017885
2020-08-26,79.47118680349158
2020-08-27,85.31729650878475
2020-08-28,84.06275840728395
2020-08-31,104.42392587031766
2020-09-01,96.71969591072873
2020-09-02,87.46250471226055
2020-09-03,71.01655804177412
2020-09-04,74.41357105519619
2020-09-08,41.57387215577384
2020-09-09,55.76252881588305
2020-09-10,56.83723071087028
2020-09-11,56.980688104153856
2020-09-14,74.51911714247356
2020-09-15,85.63142826528961
2020-09-16,81.99401021170827
2020-09-17,75.13714655775493
2020-09-18,81.38008756703923
2020-09-21,84.3474977899344
2020-09-22,76.00602943760238
2020-09-23,59.29519381570524
2020-09-24,62.26644716455909
2020-09-25,70.09055945143565
2020-09-28,75.49398025621831
2020-09-29,75.90452674214386
2020-09-30,79.81601727789705
2020-10-01,84.18002608953142
2020-10-02,74.0360042492739
2020-10-05,79.91440054133086
2020-10-06,77.42530765660834
2020-10-07,81.23772351759406
2020-10-08,80.67004393276483
2020-10-09,82.2639209467798
2020-10-12,87.93353508771463
2020-10-13,88.17947009269524
2020-10-14,90.22366183101931
2020-10-15,87.05186730217657
2020-10-16,84.0633678576046
2020-10-19,80.0314919704133
2020-10-20,79.42490402838779
2020-10-21,78.78188903917682
2020-10-22,78.28132681674848
2020-10-23,78.34406540021976
2020-10-26,75.89855404742913
2020-10-27,78.4398742160454
2020-10-28,69.57956082796605
2020-10-29,73.50631815599252
2020-10-30,65.10006152381447
2020-11-02,67.74211707449246
2020-11-03,74.95647866109609
2020-11-04,79.47364326993286
2020-11-05,85.60692903191597
2020-11-06,86.13292192608037
2020-11-09,79.00109491435593
2020-11-10,72.25298905881216
2020-11-11,77.76105438858387
2020-11-12,76.86632976159821
2020-11-13,75.39939541821427
2020-11-16,76.70227725544714
2020-11-17,82.50032795489435
2020-11-18,90.9561565188312
2020-11-19,93.59402173478476
2020-11-20,89.57401648343358
2020-11-23,95.33502309431137
2020-11-24,101.1452633491726
2020-11-25,106.40403955482354
2020-11-27,108.94217578487144
2020-11-30,106.70364329660254
2020-12-01,110.7596530593306
2020-12-02,108.57121408760162
2020-12-03,112.52885266967148
2020-12-04,114.33513418214089
2020-12-07,123.18639925753362
2020-12-08,123.53336291743693
2020-12-09,111.95918814076198
2020-12-10,116.86824762577992
2020-12-11,113.5996867761216
2020-12-14,120.80582734632203
2020-12-15,121.12866424984968
2020-12-16,118.45930662350148
2020-12-17,125.58852362576123
2020-12-18,132.34643597542797
2020-12-21,124.2698182656002
2020-12-22,122.93187768424407
2020-12-23,122.3979118508993
2020-12-24,125.59099256635827
2020-12-28,125.17608311368167
2020-12-29,125.94407719599465
2020-12-30,132.2364162254629
2020-12-31,133.13891440092144
2021-01-04,136.80709017950218
2021-01-05,139.00064724003985
2021-01-06,142.104489275055
2021-01-07,154.87109784389918
2021-01-08,163.2660705450699
2021-01-11,153.99784434404435
2021-01-12,160.60500196624236
2021-01-13,159.52473717373186
2021-01-14,159.4668580833205
2021-01-15,153.88687189200894
2021-01-19,160.38456206599568
2021-01-20,160.70916537646707
2021-01-21,160.97674523442473
2021-01-22,161.66253584028019
2021-01-25,164.21978408305395
2021-01-26,164.30636611216792
2021-01-27,156.16923576454587
2021-01-28,155.95366737289166
2021-01-29,147.28693966769265
2021-02-01,158.41847080873183
2021-02-02,163.0238673139536
2021-02-03,158.75760975054396
2021-02-04,161.05120827742735
2021-02-05,163.03723246759648
2021-02-08,165.12110829068786
2021-02-09,164.2651192201903
2021-02-10,158.728805987369
2021-02-11,159.7564946107841
2021-02-12,163.779327799583
2021-02-16,162.50791567253216
2021-02-17,163.37544252329948
2021-02-18,162.41973081728727
2021-02-19,168.88049094697698
2021-02-22,161.39362365643478
2021-02-23,155.9806473722776
2021-02-24,161.5707113080219
2021-02-25,146.45871961634919
2021-02-26,142.86731131374054
2021-03-01,155.5319838600479
2021-03-02,151.8582986298334
2021-03-03,146.2541027246897
2021-03-04,132.42237004289237
2021-03-05,133.52546846109837
2021-03-08,123.38154881251751
2021-03-09,140.69612333828132
2021-03-10,141.84276020554984
2021-03-11,151.96555713935618
2021-03-12,150.5960057265211
2021-03-15,152.50627351321307
2021-03-16,147.40598312191736
2021-03-17,151.84494166173397
2021-03-18,141.32224442741295
2021-03-19,142.64163434106632
2021-03-22,144.51955920706948
2021-03-23,136.93348824668985
2021-03-24,134.05170787070904
2021-03-25,139.4474605429429
2021-03-26,141.99731985599846
2021-03-29,141.01588978119503
2021-03-30,147.03067748744223
2021-03-31,143.91960324760942
2021-04-01,146.58803898682643
2021-04-05,149.47950536676862
2021-04-06,148.76128544232964
2021-04-07,148.47150339107412
2021-04-08,150.04657429471015
2021-04-09,152.14111198386257
2021-04-12,151.96764062103873
2021-04-13,149.36199214995474
2021-04-14,154.16225019552016
2021-04-15,152.6008008564202
2021-04-16,150.59233945560405
2021-04-19,151.47999259443466
2021-04-20,143.77802582599168
2021-04-21,148.72924197989096
2021-04-22,148.84294999028847
2021-04-23,152.13340580163262
2021-04-26,152.98230058445924
2021-04-27,151.9804852155327
2021-04-28,147.5308867277672
2021-04-29,147.90532483217785
2021-04-30,145.70345208094025
2021-05-03,151.0693809480411
2021-05-04,145.8506467330181
2021-05-05,148.35842441818681
2021-05-06,149.0617564503097
2021-05-07,151.53321340138467
2021-05-10,152.85041202533475
2021-05-11,148.22014177303237
2021-05-12,143.0793945615413
2021-05-13,145.53502287844483
2021-05-14,150.75101866664795
2021-05-17,149.3938867262578
2021-05-18,145.8899700154193
2021-05-19,146.37468019260888
2021-05-20,145.9986090666278
2021-05-21,148.9441499446865
2021-05-24,148.08534107148228
2021-05-25,146.6661187223372
2021-05-26,151.35169994734073
2021-05-27,166.96503270223374
2021-05-28,162.63302804736531
2021-06-01,165.19487719605124
2021-06-02,164.3592651982821
2021-06-03,164.36887709845738
2021-06-04,162.82455223813207
2021-06-07,161.29429514018958
2021-06-08,160.9660037551801
2021-06-09,157.75782336477363
2021-06-10,155.5473646002268
2021-06-11,156.81311500404945
2021-06-14,152.748491981623
2021-06-15,153.28369896665396
2021-06-16,151.6070253678259
2021-06-17,143.37714885471792
2021-06-18,138.9190140503948
2021-06-21,144.0395018147922
2021-06-22,144.10358086945752
2021-06-23,145.29401512011725
2021-06-24,149.2135804946358
2021-06-25,149.93064439582758
2021-06-28,149.3223907354247
2021-06-29,151.06656285494512
2021-06-30,154.8370702825596
2021-07-01,153.21538947671266
2021-07-02,152.55631208965082
2021-07-06,149.89171901141074
2021-07-07,149.21218067766543
2021-07-08,143.76173412370477
2021-07-09,151.55225810398272
2021-07-12,155.6503742936736
2021-07-13,153.23752327585908
2021-07-14,152.13676750300237
2021-07-15,151.91737535126765
2021-07-16,147.22394645861897
2021-07-19,140.94265233118193
2021-07-20,146.834995747323
2021-07-21,151.91662248107357
2021-07-22,150.95291202205203
2021-07-23,151.77935845840238
2021-07-26,152.87635861139995
2021-07-27,152.7825802647296
2021-07-28,151.88230804819278
2021-07-29,153.94103353185773
2021-07-30,152.17921074339645
2021-08-02,153.73283842363276
2021-08-03,155.71171899132418
2021-08-04,153.6590729964908
2021-08-05,157.12737000412255
2021-08-06,165.01423682970795
2021-08-09,166.2921602664494
2021-08-10,170.6776327633083
2021-08-11,174.0972330860486
2021-08-12,174.36798208529268
2021-08-13,171.72281270620167
2021-08-16,170.8525523082367
2021-08-17,169.1100792808375
2021-08-18,165.3792774859937
2021-08-19,162.41598589551842
2021-08-20,163.55452646232965
2021-08-23,166.52274986784582
2021-08-24,170.07420196280995
2021-08-25,172.57994331385467
2021-08-26,171.68026480670727
2021-08-27,175.59462825818147
2021-08-30,172.3878323956099
2021-08-31,173.27031547426256
2021-09-01,173.14897970623903
2021-09-02,173.62791898063946
2021-09-03,171.3102012382725
2021-09-07,170.08395860827858
2021-09-08,167.5764050901523
2021-09-09,167.20223501779213
2021-09-10,166.4185954982894
2021-09-13,169.89557812085383
2021-09-14,166.48068477205408
2021-09-15,166.05148271018683
2021-09-16,166.02384348446887
2021-09-17,162.52831180247028
2021-09-20,156.7478319253263
2021-09-21,157.5866791765583
2021-09-22,160.4781522745974
2021-09-23,162.78352840970248
2021-09-24,166.01370435597747
2021-09-27,162.1789757718694
2021-09-28,152.9862304052389
2021-09-29,152.86894792581282
2021-09-30,152.51470356458958
2021-10-01,153.73784325904464
2021-10-04,146.89868993433302
2021-10-05,151.99297279356202
2021-10-06,154.3788971059615
2021-10-07,157.3400752449359
2021-10-08,156.56494936356603
2021-10-11,155.12480098507382
2021-10-12,153.07345809607733
2021-10-13,154.06544853309444
2021-10-14,159.83627104877817
2021-10-15,160.77721321192556
2021-10-18,165.1849308345579
2021-10-19,167.0042941786183
2021-10-20,166.40579530049115
2021-10-21,170.34258581279522
2021-10-22,169.5977438568898
2021-10-25,173.11724261264362
2021-10-26,177.75408828132902
2021-10-27,181.2736575856248
2021-10-28,183.2469915014218
2021-10-29,186.59762275104757
2021-11-01,185.27184157102644
2021-11-02,189.43208237337487
2021-11-03,192.06977507345152
2021-11-04,206.67574571779684
2021-11-05,206.13602868512436
2021-11-08,207.07664443999732
2021-11-09,207.86913278597586
2021-11-10,201.69809673301464
2021-11-11,206.39585380587948
2021-11-12,209.1724885937273
2021-11-15,208.6282234828975
2021-11-16,210.74687072734335
2021-11-17,207.71242586608625
2021-11-18,217.1196953365179
2021-11-19,222.03405872637484
2021-11-22,219.03374334159656
2021-11-23,219.6151935091093
2021-11-24,223.9415658146116
2021-11-26,217.29937109692074
2021-11-29,227.2727295806317
2021-11-30,219.08455119311157
2021-12-01,212.1602131145269
2021-12-02,214.14418377587086
2021-12-03,210.01829002977118
2021-12-06,209.64280161838408
2021-12-07,221.6624615877655
2021-12-08,216.99815913297292
2021-12-09,210.91492221100964
2021-12-10,219.4303158258835
2021-12-13,211.43270040499925
2021-12-14,205.6495805687394
2021-12-15,215.46073187966758
2021-12-16,209.5283230902703
2021-12-17,205.7498636438276
2021-12-20,206.33910291412639
2021-12-21,205.01285942491498
2021-12-22,207.6604787494178
2021-12-23,207.96209012016158
2021-12-27,215.1172134509431
2021-12-28,215.78930399441924
2021-12-29,218.03474376355766
2021-12-30,216.43740453730928
2021-12-31,218.61105600174903
2022-01-03,216.65512255017472
2022-01-04,215.06285112770703
2022-01-05,207.76303517721857
2022-01-06,207.2821652072437
2022-01-07,199.72292758963138
2022-01-10,191.79329092048846
2022-01-11,193.0262208872141
2022-01-12,194.91473409258055
2022-01-13,190.99174588084486
2022-01-14,183.65976501301535
2022-01-18,177.18876994129903
2022-01-19,177.36237600242234
2022-01-20,173.4605923671535
2022-01-21,173.2498440310856
2022-01-24,177.19805566708158
2022-01-25,172.12998420638112
2022-01-26,173.8924352347607
2022-01-27,172.61130691259024
2022-01-28,179.37913369379365
2022-01-31,185.07511179915775
2022-02-01,185.740431404149
2022-02-02,192.8141657831403
2022-02-03,191.88722311831307
2022-02-04,189.7752027188479
2022-02-07,187.57346777909254
2022-02-08,189.92769794054053
2022-02-09,194.4589077686521
2022-02-10,187.46574444539186
2022-02-11,182.81211372269485
2022-02-14,181.4169461900575
2022-02-15,184.68112854603882
2022-02-16,183.41106767083286
2022-02-17,183.97503946184844
2022-02-18,182.71688400367032
2022-02-22,175.21231955630785
2022-02-23,171.16499537285375
2022-02-24,176.55300145177918
2022-02-25,183.11072436512288
2022-02-28,183.07490104898784
2022-03-01,185.01472071865138
2022-03-02,188.31189046818827
2022-03-03,190.57429724858164
2022-03-04,187.795385030719
2022-03-07,188.3805039958189
2022-03-08,185.14822197197086
2022-03-09,188.05267349666596
2022-03-10,190.36270930363065
2022-03-11,189.57416578885426
2022-03-14,187.1214842095485
2022-03-15,181.99573341986252
2022-03-16,181.5179451019055
2022-03-17,187.69925745823014
2022-03-18,189.56962590611698
2022-03-21,194.29847820442185
2022-03-22,193.2482543285736
2022-03-23,195.1723445218146
2022-03-24,196.8184832860839
2022-03-25,201.63582730809503
2022-03-28,197.32591689733164
2022-03-29,194.1829768368643
2022-03-30,196.53290277454667
2022-03-31,192.72686475572525
2022-04-01,194.5382163856941
2022-04-04,194.13018367696947
2022-04-05,192.82925174056567
2022-04-06,197.19701625378593
2022-04-07,203.26536094848163
2022-04-08,208.4290742587319
2022-04-11,198.64457624842888
2022-04-12,200.9544840232948
2022-04-13,198.7186064620157
2022-04-14,201.51914233106427
2022-04-18,202.67509992178705
2022-04-19,197.95158778081026
2022-04-20,199.39531587392236
2022-04-21,191.90782963174294
2022-04-22,185.15840107059142
2022-04-25,180.67609816735873
2022-04-26,179.636793928296
2022-04-27,181.38329725350536
2022-04-28,187.599731986003
2022-04-29,176.21863907115397
2022-05-02,179.53294961581753
2022-05-03,184.61982684772917
2022-05-04,192.88713287627363
2022-05-05,191.62214973098622
2022-05-06,198.43033050238736
2022-05-09,181.91017446046754
2022-05-10,184.33055747832879
2022-05-11,186.7473618553578
2022-05-12,189.81937744033985
2022-05-13,193.7806900390343
2022-05-16,200.9425774603601
2022-05-17,202.2126767516138
2022-05-18,195.56820977220667
2022-05-19,194.22954819717089
2022-05-20,194.77914140069893
2022-05-23,198.3515255605497
2022-05-24,200.061790486635
2022-05-25,205.15143234960425
2022-05-26,206.35935398727563
2022-05-27,208.2057130277074
2022-05-31,202.26979623706688
2022-06-01,204.75064704645592
2022-06-02,204.49552178013624
2022-06-03,207.9399917514475
2022-06-06,206.46679729216103
2022-06-07,214.0461460766501
2022-06-08,216.6233486240723
2022-06-09,209.61487831789336
2022-06-10,204.39291884496367
2022-06-13,190.52507838039895
2022-06-14,191.02570553587194
2022-06-15,186.7955234509067
2022-06-16,174.50123602720188
2022-06-17,158.12679175941238
2022-06-21,173.33835176242823
2022-06-22,161.54195279184012
2022-06-23,152.5541709151699
2022-06-24,157.90655180710326
2022-06-27,163.96765834100532
2022-06-28,171.02277379134762
2022-06-29,161.55953311907552
2022-06-30,155.01438569418727
2022-07-01,160.0271812391693
2022-07-05,150.7943716620304
2022-07-06,146.52423102134014
2022-07-07,154.09165755671995
2022-07-08,154.2513707929962
2022-07-11,152.64972270873724
2022-07-12,148.76080957311822
2022-07-13,149.1469729603753
2022-07-14,144.39167347951675
2022-07-15,148.32951767273047
2022-07-18,152.99893951690245
2022-07-19,160.2115261134784
2022-07-20,163.60991642856058
2022-07-21,159.43914458678628
2022-07-22,157.38936496426393
2022-07-25,166.1946931785089
2022-07-26,164.79539175346903
2022-07-27,170.29450212204844
2022-07-28,173.19162272453664
2022-07-29,187.06956829988556
2022-08-01,180.07690342020067
2022-08-02,178.70344205312645
2022-08-03,169.89125875790404
2022-08-04,159.9851080411998
2022-08-05,164.430986885659
2022-08-08,165.74769683965485
2022-08-09,170.49891574999748
2022-08-10,172.644090752847
2022-08-11,180.88697837481197
2022-08-12,183.59722405433112
2022-08-15,178.5990818432577
2022-08-16,176.36448406332408
2022-08-17,178.7718422309679
2022-08-18,185.531442984947
2022-08-19,184.6362164010942
2022-08-22,184.32223291766687
2022-08-23,195.53708754507605
2022-08-24,197.8706622647074
2022-08-25,199.92048765842202
2022-08-26,196.95274193110507
2022-08-29,202.67833195985943
2022-08-30,192.23464005018943
2022-08-31,189.62898825654372
2022-09-01,184.5164368487799
2022-09-02,189.87404562868434
2022-09-06,191.73836965855313
2022-09-07,196.55463729464134
2022-09-08,198.2915075882185
2022-09-09,199.0916137437702
2022-09-12,198.83790141974183
2022-09-13,190.6177146253897
2022-09-14,192.68749828369167
2022-09-15,190.59929228951768
2022-09-16,190.9966395487298
2022-09-19,191.17492654141927
2022-09-20,189.25468476354052
2022-09-21,185.02613984294612
2022-09-22,188.46914181664476
2022-09-23,186.94892197515992
2022-09-26,183.6996888321197
2022-09-27,180.00463563223093
2022-09-28,188.87146416981935
2022-09-29,185.78643480020062
2022-09-30,181.27406724293363
2022-10-03,183.39341300073468
2022-10-04,187.69231238566607
2022-10-05,187.8233589079795
2022-10-06,184.78726616208309
2022-10-07,181.2902406625654
2022-10-10,180.88938164036367
2022-10-11,183.1266710891199
2022-10-12,183.01613478515821
2022-10-13,190.50897328858335
2022-10-14,187.5799417214622
2022-10-17,190.37455101820888
2022-10-18,193.28541008238494
2022-10-19,191.29063011489572
2022-10-20,189.5958365765795
2022-10-21,196.73724655377248
2022-10-24,201.71825406314375
2022-10-25,204.9659895372724
2022-10-26,208.16591352773472
2022-10-27,211.26947556286964
2022-10-28,217.9951424012232
2022-10-31,216.72494602981112
2022-11-01,213.3082382614438
2022-11-02,211.92353958466
2022-11-03,215.21357657312038
2022-11-04,215.09986448083768
2022-11-07,218.75322168674847
2022-11-08,220.25132153244144
2022-11-09,217.69488460014603
2022-11-10,221.71732522318993
2022-11-11,214.92055723130227
2022-11-14,216.07052478437535
2022-11-15,212.05522109872058
2022-11-16,214.8053876884596
2022-11-17,218.09245345519622
2022-11-18,219.00235006859128
2022-11-21,220.60333724459343
2022-11-22,220.97671223399678
2022-11-23,221.05206442235365
2022-11-25,223.04025398418793
2022-11-28,222.37634417039095
2022-11-29,220.85495395084195
2022-11-30,226.64659308635004
2022-12-01,229.97071368310208
2022-12-02,229.8145198031013
2022-12-05,223.207283713733
2022-12-06,216.87222070880208
2022-12-07,216.22052004436978
2022-12-08,216.28768611717405
2022-12-09,217.52407834918426
2022-12-12,219.14422220079894
2022-12-13,222.3643916540317
2022-12-14,218.13512790243107
2022-12-15,205.0491954431534
2022-12-16,202.27843259572666
2022-12-19,200.9448672402649
2022-12-20,201.6516291180987
2022-12-21,207.40451438129085
2022-12-22,204.65688713119468
2022-12-23,203.94646552229307
2022-12-27,199.35949214377206
2022-12-28,195.12122063081497
2022-12-29,200.99930544404376
2022-12-30,201.9271830161685
2023-01-03,204.08589419144963
2023-01-04,209.2125500709271
2023-01-05,207.6049077650246
2023-01-06,213.1518090421325
2023-01-09,213.62340987635622
2023-01-10,218.95909292561947
2023-01-11,222.1812733137531
2023-01-12,224.17541580428323
2023-01-13,226.74734646489551
2023-01-17,215.6394897003052
2023-01-18,213.14339839264002
2023-01-19,209.18366582892287
2023-01-20,215.43256072743637
2023-01-23,223.9728622383168
2023-01-24,225.92161923454216
2023-01-25,227.24076694521753
2023-01-26,228.08194389144808
2023-01-27,227.03968148262166
2023-01-30,225.26041265463044
2023-01-31,229.51964009284927
2023-02-01,232.51799191379817
2023-02-02,234.71351168812825
2023-02-03,233.3775859644583
2023-02-06,231.65542284270887
2023-02-07,233.57215992376675
2023-02-08,234.55149281949633
2023-02-09,231.5075874130479
2023-02-10,229.3320474246511
2023-02-13,235.1634305049914
2023-02-14,234.54240658462737
2023-02-15,236.57772524648587
2023-02-16,230.33891913984257
2023-02-17,230.24219573342924
2023-02-21,224.93668773256923
2023-02-22,222.10290121059901
2023-02-23,218.19311258867265
2023-02-24,216.51611362590438
2023-02-27,218.2951393990881
2023-02-28,221.5251009016952
2023-03-01,221.60747797094734
2023-03-02,225.7863411888757
2023-03-03,231.03615176571574
2023-03-06,231.30353633018035
2023-03-07,225.56583641775552
2023-03-08,230.00954176648972
2023-03-09,240.88987291416242
2023-03-10,238.07463149587272
2023-03-13,232.51290718665433
2023-03-14,240.74282651266367
2023-03-15,231.94860213306706
2023-03-16,239.6736518683809
2023-03-17,234.75986847154496
2023-03-20,236.37481074566722
2023-03-21,243.2801716741383
2023-03-22,235.88813211711303
2023-03-23,242.4758826872457
2023-03-24,241.40185034052783
2023-03-27,247.49353992019505
2023-03-28,248.29491945432846
2023-03-29,253.03158937066917
2023-03-30,253.36985948452343
2023-03-31,258.48035889224667
2023-04-03,263.2089448615799
2023-04-04,255.41249185498452
2023-04-05,252.1558165652229
2023-04-06,250.8928823116194
2023-04-10,253.88182186001575
2023-04-11,254.3145348710008
2023-04-12,254.1528014493105
2023-04-13,257.36711415374907
2023-04-14,260.8683688094771
2023-04-17,264.3160276624923
2023-04-18,271.29821816814984
2023-04-19,272.95160554052984
2023-04-20,273.4607895022345
2023-04-21,270.99013964281704
2023-04-24,273.45042482903773
2023-04-25,264.5869610845137
2023-04-26,258.83864337387496
2023-04-27,264.2722714437551
2023-04-28,268.4360449963089
2023-05-01,275.75483937196356
2023-05-02,275.9646783782012
2023-05-03,275.74283576107865
2023-05-04,267.6361243297373
2023-05-05,274.85928572096367
2023-05-08,277.81326189381883
2023-05-09,277.6221152146294
2023-05-10,269.8279274083018
2023-05-11,265.0444514696448
2023-05-12,262.87945430403516
2023-05-15,274.86196200510733
2023-05-16,270.1338955342045
2023-05-17,278.90399729969045
2023-05-18,280.02240284666226
2023-05-19,280.1972394498145
2023-05-22,281.3841298678286
2023-05-23,270.56269522658187
2023-05-24,266.98312204063245
2023-05-25,274.99223138819934
2023-05-26,280.1789688891636
2023-05-30,279.6188303381397
2023-05-31,275.8010024987778
2023-06-01,287.75978217080694
2023-06-02,291.3327174199879
2023-06-05,285.4883253925697
2023-06-06,289.77710727133655
2023-06-07,290.7755372096367
2023-06-08,291.2936358162496
2023-06-09,292.2101637695059
2023-06-12,292.73585871685424
2023-06-13,295.1790411769787
2023-06-14,289.41941523459633
2023-06-15,292.22824955752986
2023-06-16,295.13163950014143
2023-06-20,288.29313014236294
2023-06-21,291.1936875207723
2023-06-22,290.6422201640894
2023-06-23,287.0529234434034
2023-06-26,287.8388935025377
2023-06-27,290.59281506791797
2023-06-28,297.23967553037863
2023-06-29,299.1463237710042
2023-06-30,307.2763006859384
2023-07-03,302.00950642343
2023-07-05,303.7877030227294
2023-07-06,299.23971631887383
2023-07-07,302.3342421542173
2023-07-10,310.2605882254388
2023-07-11,312.9688689911371
2023-07-12,314.3750099202907
2023-07-13,315.8961419227316
2023-07-14,311.9936745094207
2023-07-17,315.45772005411607
2023-07-18,315.7721084953315
2023-07-19,311.93901043881584
2023-07-20,314.78555853216534
2023-07-21,310.59557029891016
2023-07-24,310.2833562848597
2023-07-25,334.1106485049907
2023-07-26,326.1250848689413
2023-07-27,329.59835628430795
2023-07-28,327.512713763338
2023-07-31,326.51848134842203
2023-08-01,323.2889462595471
2023-08-02,317.4719955258721
2023-08-03,318.81363353247417
2023-08-04,321.0611620697455
2023-08-07,327.4032796124111
2023-08-08,322.8277265098464
2023-08-09,316.70336273158966
2023-08-10,321.3491317847295
2023-08-11,323.79411427801716
2023-08-14,328.64488332302983
2023-08-15,322.74464796993084
2023-08-16,321.0585972564905
2023-08-17,311.6109664048556
2023-08-18,314.23936275738095
2023-08-21,317.1866070580434
2023-08-22,315.21437195901336
2023-08-23,320.94585394856153
2023-08-24,314.2666376880055
2023-08-25,313.7884519247396
2023-08-28,315.17003165587096
2023-08-29,318.65142162075324
2023-08-30,316.14231009708993
2023-08-31,315.93716433155595
2023-09-01,321.2502024571279
2023-09-05,321.40604308555027
2023-09-06,322.2784151209076
2023-09-07,328.22764419558246
2023-09-08,331.55360995343585
2023-09-11,339.8943638072453
2023-09-12,336.35743144128696
2023-09-13,338.7420159379651
2023-09-14,344.0281872473271
2023-09-15,331.48770423704616
2023-09-18,332.38747675609136
2023-09-19,334.14838749775134
2023-09-20,329.895739237403
2023-09-21,322.79110075038903
2023-09-22,324.8906137226867
2023-09-25,328.6531427157942
2023-09-26,322.1101795487384
2023-09-27,324.65970355016316
2023-09-28,323.88497238556135
2023-09-29,320.03025178045823
2023-10-02,317.09591090667965
2023-10-03,311.36320020703863
2023-10-04,316.739345916998
2023-10-05,321.4511023163013
2023-10-06,335.4054445999713
2023-10-09,340.0510172117745
2023-10-10,345.7639811013318
2023-10-11,358.0462436823866
2023-10-12,358.7938698608061
2023-10-13,351.6545746597015
2023-10-16,360.69626087550614
2023-10-17,360.12454557988104
2023-10-18,355.38799154171403
2023-10-19,346.8051564683072
2023-10-20,340.3863406088414
2023-10-23,340.53149552753763
2023-10-24,347.1012435567216
2023-10-25,336.93706721918903
2023-10-26,328.31119828505916
2023-10-27,327.058599010476
2023-10-30,334.12427602242036
2023-10-31,330.2570431980668
2023-11-01,337.5201507904314
2023-11-02,347.2115837865814
2023-11-03,345.298028121149
2023-11-06,363.6841260500078
2023-11-07,359.48497151867065
2023-11-08,366.8045165875164
2023-11-09,358.97697280427195
2023-11-10,365.7108037059748
2023-11-13,369.8041592010978
2023-11-14,379.2428434740415
2023-11-15,365.52520807105526
2023-11-16,366.15100657711656
2023-11-17,367.3242932599427
2023-11-20,370.7120848621473
2023-11-21,369.4137857613702
2023-11-22,371.5282893448835
2023-11-24,374.5628936618185
2023-11-27,373.0910744343785
2023-11-28,371.77301596654615
2023-11-29,365.6262669511817
2023-11-30,366.42939149393754
2023-12-01,361.6879560516702
2023-12-04,360.6329616362677
2023-12-05,360.02752206395905
2023-12-06,351.04830691710754
2023-12-07,347.6571239848787
2023-12-08,351.8314035891378
2023-12-11,356.04571425354055
2023-12-12,354.5791308105061
2023-12-13,362.0300009588079
2023-12-14,352.2831247841543
2023-12-15,356.09043323825216
2023-12-18,360.28508359836917
2023-12-19,363.0880428060656
2023-12-20,352.57234581125914
2023-12-21,355.3131008393916
2023-12-22,350.39830163826065
2023-12-26,353.97172136764016
2023-12-27,357.1487319834026
2023-12-28,356.64643278845165
2023-12-29,356.70556470979847
2024-01-02,358.7169774765104
2024-01-03,368.7405646885031
2024-01-04,366.1549352611366
2024-01-05,369.27342334764865
2024-01-08,373.51058553133777
2024-01-09,372.1688242216794
2024-01-10,372.9480554866217
2024-01-11,368.9547444098556
2024-01-12,371.2710124226048
2024-01-16,366.31401287745246
2024-01-17,364.219396580725
2024-01-18,362.57480978097067
2024-01-19,370.073324992711
2024-01-22,375.25757153052683
2024-01-23,378.2514413521742
2024-01-24,376.167176658572
2024-01-25,382.83402568925436
2024-01-26,388.79828287659427
2024-01-29,389.57858466182824
2024-01-30,391.98664158381786
2024-01-31,391.42007063102415
2024-02-01,405.28768467107597
2024-02-02,411.87048243063316
2024-02-05,419.80800930330065
2024-02-06,426.2865336789782
2024-02-07,435.95197817309395
2024-02-08,436.41637412619
2024-02-09,440.2424887144286
2024-02-12,433.6272042918881
2024-02-13,433.69002146718475
2024-02-14,440.77616541877507
2024-02-15,442.24406714477766
2024-02-16,441.09958219427955
2024-02-20,434.0363357263728
2024-02-21,429.59353692655907
2024-02-22,463.13105054353105
2024-02-23,465.6260049179691
2024-02-26,467.2720017833891
2024-02-27,466.21653366926535
2024-02-28,465.2464703735139
2024-02-29,469.9443752924526
2024-03-01,478.52862371092755
2024-03-04,489.8362613606401
2024-03-05,493.9351831686032
2024-03-06,504.9956947421966
2024-03-07,516.1745900649034
2024-03-08,490.1289816528074
2024-03-11,483.1526131878778
2024-03-12,505.732233933444
2024-03-13,504.1660827179762
2024-03-14,492.32956283448283
2024-03-15,493.2083308692007
2024-03-18,498.670336814466
2024-03-19,502.48300945301503
2024-03-20,509.63869680124117
2024-03-21,515.7681446469738
2024-03-22,518.8196490781381
2024-03-25,517.8713810522155
2024-03-26,512.5367977896212
2024-03-27,510.90987520995714
2024-03-28,512.1537714773102
2024-04-01,508.20671065874706
2024-04-02,503.58892240486074
2024-04-03,500.4901004638817
2024-04-04,490.74862129650955
2024-04-05,500.10107448845986
2024-04-08,498.54329496610745
2024-04-09,493.95320801598484
2024-04-10,497.35338098475887
2024-04-11,508.7161345996135
2024-04-12,488.34839838522157
2024-04-15,479.9495995668094
2024-04-16,480.82375836020327
2024-04-17,471.1009169258571
2024-04-18,473.1715866986617
2024-04-19,455.808625238804
2024-04-22,469.66291195232907
2024-04-23,481.7598155261025
2024-04-24,475.932645552765
2024-04-25,483.7226848999986
2024-04-26,498.6856213361921
2024-04-29,497.88998484457386
2024-04-30,491.940804103434
2024-05-01,483.2085450735437
2024-05-02,492.42087314375544
2024-05-03,501.3721987157099
2024-05-06,514.4350495498192
2024-05-07,513.295853359084
2024-05-08,515.4716467622492
2024-05-09,516.5952001872697
2024-05-10,522.6992773287602
2024-05-13,521.3755951897786
2024-05-14,523.4936985021272
2024-05-15,528.8637882235323
2024-05-16,523.9841067846899
2024-05-17,523.025946520924
2024-05-20,518.9623239143314
2024-05-21,524.9520225294854
2024-05-22,526.0231598410111
2024-05-23,530.6844760698355
2024-05-24,538.2302308509791
2024-05-28,537.9053680647538
2024-05-29,526.5743362631503
2024-05-30,530.9225811445187
2024-05-31,539.1577152606578
2024-06-03,531.4867544724015
2024-06-04,531.1439229233252
2024-06-05,533.3449306257131
2024-06-06,529.2943482996862
2024-06-07,532.9713831613205
2024-06-10,531.9666503681265
2024-06-11,524.5434685551148
2024-06-12,523.825827428201
2024-06-13,511.88878833653814
2024-06-14,510.4133627783851
2024-06-17,524.0221407879908
2024-06-18,528.74975120343
2024-06-20,530.4027696840102
2024-06-21,529.0930168479189
2024-06-24,515.7572870199322
2024-06-25,513.0447443339418
2024-06-26,513.5122680424539
2024-06-27,512.7297352724848
2024-06-28,511.287035055741
2024-07-01,511.06083384315485
2024-07-02,519.0762462927993
2024-07-03,522.3831461742953
2024-07-05,515.8150733562696
2024-07-08,520.5060212972631
2024-07-09,523.5205637814344
2024-07-10,526.948846080393
2024-07-11,523.2724733435558
2024-07-12,515.9637042717617
2024-07-15,520.4674716193019
2024-07-16,532.7643097736822
2024-07-17,527.1203868543408
2024-07-18,524.2922146417571
2024-07-19,522.3618884129252
2024-07-22,531.0023320946395
2024-07-23,549.4372155642143
2024-07-24,531.7701917370495
2024-07-25,555.917796750326
2024-07-26,567.6658158661444
2024-07-29,568.1499641196774
2024-07-30,572.1506151440802
2024-07-31,576.8647969477876
2024-08-01,571.7233474105593
2024-08-02,550.2165054062341
2024-08-05,541.7078349541395
2024-08-06,549.4878481451333
2024-08-07,548.7023639912838
2024-08-08,558.787225816969
2024-08-09,561.032130417677
2024-08-12,558.082700210249
2024-08-13,560.709868116976
2024-08-14,562.5492441625744
2024-08-15,562.5626582397223
2024-08-16,565.7733521707747
2024-08-19,564.5111541881083
2024-08-20,567.539209770675
2024-08-21,568.0069205443085
2024-08-22,568.6009342256559
2024-08-23,573.4950438705614
2024-08-26,580.2792611093199
2024-08-27,586.230610930973
2024-08-28,589.8857308576393
2024-08-29,592.6976783918581
2024-08-30,596.5142067105617
2024-09-03,599.0488880954586
2024-09-04,598.5671632009304
2024-09-05,587.7968774444844
2024-09-06,587.0306530967954
2024-09-09,596.7579400778274
2024-09-10,595.6149792020691
2024-09-11,591.2694666705133
2024-09-12,593.1919324164564
2024-09-13,597.396573905222
2024-09-16,601.3896761199934
2024-09-17,597.3765451731158
2024-09-18,596.5958863106291
2024-09-19,587.88113627346
2024-09-20,593.7180483286044
2024-09-23,599.459451199871
2024-09-24,595.7198679762498
2024-09-25,598.7142835812488
2024-09-26,595.4443869039703
2024-09-27,598.6452744563344
2024-09-30,600.6157742890937
2024-10-01,602.2942197574575
2024-10-02,596.9193496375675
2024-10-03,592.862870143919
2024-10-04,590.9301026094797
2024-10-07,582.349853791283
2024-10-08,582.4464024855793
2024-10-09,584.9864385085339
2024-10-10,580.7942053971063
2024-10-11,585.7626192936339
2024-10-14,593.7024292649195
2024-10-15,595.6355261649094
2024-10-16,599.2946626399213
2024-10-17,594.8892581919249
2024-10-18,599.9587948477346
2024-10-21,591.4817658618781
2024-10-22,591.1581192343482
2024-10-23,585.0463120130365
2024-10-24,578.7751319439554
2024-10-25,574.569373369376
2024-10-28,573.561836883052
2024-10-29,570.2896522363857
2024-10-30,572.7807689288875
2024-10-31,564.6334539773304
2024-11-01,559.0403410028349
2024-11-04,559.9571611246142
2024-11-05,563.3357150590862
2024-11-06,568.8965543491917
2024-11-07,582.5046207353594
2024-11-08,593.9732997419375
2024-11-11,596.433816207918
2024-11-12,588.9664999067578
2024-11-13,589.841671922447
2024-11-14,583.8160470119157
2024-11-15,606.9098523062067
2024-11-18,599.2657596647666
2024-11-19,608.40624489728
2024-11-20,603.1857532735361
2024-11-21,603.2036767325371
2024-11-22,611.0853253734467
2024-11-25,603.3178773868647
2024-11-26,618.8092244620572
2024-11-27,620.9705097082176
2024-11-29,619.2452581278095
2024-12-02,601.208999119799
2024-12-03,608.3045348940781
2024-12-04,608.4318913526084
2024-12-05,609.7985994298989
2024-12-06,616.3740001003663
2024-12-09,598.8151063528629
2024-12-10,594.1442725845721
2024-12-11,595.6390536953736
2024-12-12,596.7583640007645
2024-12-13,606.7788593234096
2024-12-16,604.3525117577703
2024-12-17,602.9931892998937
2024-12-18,581.2393262008583
2024-12-19,581.023638474005
2024-12-20,600.5167039759708
2024-12-23,604.6011185636925
2024-12-24,612.8687338544278
2024-12-26,611.4779775276776
2024-12-27,598.1387634787782
2024-12-30,592.9043940193429
2024-12-31,593.2873493001607
2025-01-02,587.0018782230985
2025-01-03,603.3696599031094
2025-01-06,586.3268391053311
2025-01-07,571.8892567944132
2025-01-08,576.2452398803396
2025-01-10,567.1729982205756
2025-01-13,564.9464473471394
2025-01-14,571.787343041447
2025-01-15,576.4182123477294
2025-01-16,587.6213914806989
2025-01-17,596.5160271678391
2025-01-21,616.8964245873714
2025-01-22,616.7229885332573
2025-01-23,626.4245748959826
2025-01-24,644.1793373470114
2025-01-27,641.973967317742
2025-01-28,649.0993343311135
2025-01-29,639.2018232724214
2025-01-30,651.8304193776534
2025-01-31,652.2966412483643
2025-02-03,662.8820665361561
2025-02-04,690.95181992455
2025-02-05,699.8271508164506
2025-02-06,712.114549142258
2025-02-07,700.7614077333551
2025-02-10,718.3551469149921
2025-02-11,711.4062774118759
2025-02-12,723.6429872267512
2025-02-13,733.8951413642843
2025-02-14,728.4406178444057
2025-02-18,732.5550716356973
2025-02-19,721.1923401957953
2025-02-20,671.034303565784
2025-02-21,650.1932407489282
2025-02-24,632.4374807408302
2025-02-25,655.7719636838184
2025-02-26,647.4767241606071
2025-02-27,647.2544027412849
2025-02-28,659.883031960713
2025-03-03,651.6961255162076
2025-03-04,634.7649874347569
2025-03-05,647.0940736709026
2025-03-06,627.8325677157534
2025-03-07,613.5725391418429
2025-03-10,579.4145139312357
2025-03-11,577.6669067451774
2025-03-12,568.9059029295036
2025-03-13,559.8876106398618
2025-03-14,572.3699623298957
2025-03-17,587.3967139551501
2025-03-18,571.8664621939681
2025-03-19,579.3976898167988
2025-03-20,577.2983675958311
2025-03-21,583.1025641848194
2025-03-24,599.5554180373127
2025-03-25,581.7062562630836
2025-03-26,580.3315173205789
2025-03-27,581.4408233285986
2025-03-28,573.3401803604829
2025-03-31,589.7683086694468
2025-04-01,596.3554057923111
2025-04-02,605.1595852557833
2025-04-03,584.379410057322
2025-04-04,545.6509650256658
2025-04-07,553.560853064166
2025-04-08,539.407836190027
2025-04-09,607.2601713537962
2025-04-10,609.5468484989476
2025-04-11,624.6017930038244
2025-04-14,641.3751027445073
2025-04-15,642.3308004888194
2025-04-16,618.1441154953861
2025-04-17,632.1843269128963
2025-04-21,622.9533609387862
2025-04-22,643.1356615810694
2025-04-23,651.0236889342721
2025-04-24,663.8581551990131
2025-04-25,663.9725708897275
2025-04-28,666.9379956322501
2025-04-29,674.1025630733506
2025-04-30,684.7241053345343
2025-05-01,673.9594775619868
2025-05-02,715.3342982209759
2025-05-05,703.7666627551893
2025-05-06,636.4968600400368
2025-05-07,647.0925297387524
2025-05-08,684.0972741331317
2025-05-09,675.4117977507881
2025-05-12,677.8495814142245
2025-05-13,723.7809732379604
2025-05-14,732.2931612031927
2025-05-15,726.5976855540006
2025-05-16,736.062888443275
2025-05-19,721.105709747367
2025-05-20,716.8539355558236
2025-05-21,693.935495434373
2025-05-22,700.1601770493143
2025-05-23,704.5080863298895
2025-05-27,708.8970941138213
2025-05-28,708.7373601159549
2025-05-29,700.6560440087792
2025-05-30,745.2249146086592
2025-06-02,747.2665661892269
2025-06-03,751.023616544598
2025-06-04,737.0746800909093
2025-06-05,691.7246854024421
2025-06-06,727.5043137066287
2025-06-09,745.4792442102531
2025-06-10,746.2743958390843
2025-06-11,763.3587933152174
2025-06-12,757.9965077700716
2025-06-13,767.0302835778015
2025-06-16,787.2135594044431
2025-06-17,770.4635979131546
2025-06-18,779.034133853912
2025-06-20,767.7834669223761
2025-06-23,782.5941463246697
2025-06-24,801.5858454669491
2025-06-25,797.8554471363243
2025-06-26,806.7748485564737
2025-06-27,747.2338752427243
2025-06-30,774.1563148565126
2025-07-01,745.0622869573143
2025-07-02,748.4116980145294
2025-07-03,760.9414479651809
2025-07-07,780.0260291233787
2025-07-08,781.1547955263867
2025-07-09,798.3189677101257
2025-07-10,791.5924034273526
2025-07-11,788.6240018547355
2025-07-14,822.391711563519
2025-07-15,818.0641234857362
2025-07-16,827.9613379881589
2025-07-17,844.8182651620069
2025-07-18,836.4059808099388
2025-07-21,831.071052096348
2025-07-22,815.4294840265279
2025-07-23,840.5048843220177
2025-07-24,841.4224405469336
2025-07-25,860.1630679432045
2025-07-28,854.804431706529
2025-07-29,843.7879887960721
2025-07-30,863.3083169839514
2025-07-31,862.472907979548
2025-08-01,850.2871287423981
